x0,y0,x1,y1,x2,y2,x3,y3,x4,y4,x5,y5,x6,y6,x7,y7,x8,y8,x9,y9,x10,y10,x11,y11,x12,y12,x13,y13,x14,y14,x15,y15,x16,y16,x17,y17,x18,y18,x19,y19,x20,y20,classpoint
8,58,13,41,30,19,25,1,3,4,20,9,20,38,25,61,25,83,3,10,3,21,3,7,3,19,14,4,14,10,9,13,9,24,36,13,31,2,26,19,25,25,d1
11,54,6,42,28,20,23,3,6,9,23,9,23,37,29,54,34,71,6,9,6,20,1,8,0,20,11,3,11,14,11,14,11,26,38,8,32,3,27,14,27,26,d1
19,53,1,43,26,26,26,3,9,9,26,9,26,37,37,54,42,76,4,9,4,20,4,9,2,25,19,8,8,14,13,14,13,26,41,3,30,3,29,19,25,26,d1
6,60,11,43,28,20,22,2,0,8,22,8,22,37,23,59,28,81,6,8,5,25,0,3,6,15,11,2,11,8,11,14,6,26,39,15,28,3,23,20,22,27,d1
3,55,19,38,31,20,20,2,3,2,20,7,19,42,14,64,9,82,8,2,3,19,3,2,3,15,8,3,14,7,13,10,3,26,30,10,30,4,25,21,19,32,d1
7,58,19,40,30,17,24,5,2,11,24,11,18,45,13,68,8,90,8,6,3,17,2,6,2,17,9,0,15,6,14,17,4,29,31,17,31,6,21,23,15,34,d1
7,64,10,47,26,24,20,1,2,15,21,4,26,44,31,66,37,84,9,4,4,27,2,2,3,14,13,4,18,10,13,13,8,30,36,13,35,1,29,19,24,30,d1
0,60,16,43,28,21,27,2,0,8,23,7,27,42,28,59,28,81,11,2,5,13,6,4,5,20,6,2,11,8,17,10,16,26,33,10,28,2,33,15,28,21,d1
1,61,15,44,27,16,20,2,2,7,21,2,21,41,21,59,20,81,10,1,4,19,1,4,1,15,7,4,13,8,13,10,7,21,30,15,29,4,24,15,19,26,d1
6,63,18,45,29,17,23,5,1,11,23,6,18,40,18,62,12,79,7,5,1,22,1,0,6,17,10,0,15,11,10,12,5,28,32,17,32,0,22,17,21,28,d1
5,63,12,46,28,24,28,1,6,11,23,5,23,44,28,62,28,84,6,10,6,22,1,6,1,24,11,5,16,11,11,18,10,30,33,1,38,4,27,18,22,30,d1
6,55,11,43,32,20,27,3,5,3,21,8,21,36,22,59,27,76,5,3,4,19,1,3,5,15,12,2,12,13,12,9,12,26,35,14,34,2,28,15,23,26,d1
15,65,2,48,24,26,24,3,7,9,24,9,24,43,30,66,40,83,2,9,7,26,2,8,2,19,15,3,10,15,10,14,10,31,43,8,32,3,26,19,26,31,d1
16,56,6,44,28,27,23,4,6,7,22,7,28,35,34,53,40,70,1,7,6,19,1,1,1,16,16,2,11,13,11,10,16,21,38,4,33,2,28,16,27,22,d1
5,57,12,40,29,18,23,0,1,11,23,11,23,40,23,62,28,80,6,5,1,22,1,6,1,23,10,0,15,11,10,12,10,28,37,12,32,0,27,17,21,29,d1
15,59,2,42,24,25,24,2,7,9,24,1,29,37,35,55,40,72,7,4,7,26,2,8,1,24,15,4,10,15,10,13,15,30,37,2,32,4,27,13,26,25,d1
1,58,18,40,29,17,23,0,1,6,23,6,18,40,18,62,18,85,7,5,1,22,1,6,1,23,10,0,15,11,10,12,10,29,32,17,32,1,27,18,21,29,d1
1,60,18,38,34,15,23,2,1,8,23,8,18,42,13,64,12,82,6,7,1,19,1,9,6,21,10,2,16,8,10,15,5,32,27,10,32,4,26,21,16,32,d1
9,54,8,42,30,20,24,2,2,9,19,9,24,37,24,60,30,77,7,8,2,20,2,8,2,25,9,3,14,14,9,14,9,26,32,8,31,3,26,19,21,31,d1
15,55,7,39,29,22,24,4,7,7,23,7,24,35,29,52,35,70,7,7,7,18,2,5,2,16,10,6,10,12,10,10,10,21,37,5,32,1,26,16,26,22,d1
3,69,14,51,26,29,9,7,14,13,15,1,31,33,36,56,42,79,8,6,3,34,8,62,9,84,8,7,19,1,19,18,8,41,36,24,35,12,30,29,19,46,d2
4,79,15,56,26,28,10,11,13,22,16,1,32,29,37,52,43,74,4,1,1,35,4,63,4,86,13,5,18,6,13,16,12,28,35,22,35,11,24,33,18,50,d2
2,76,9,59,26,31,9,14,13,25,15,3,31,32,37,55,48,77,4,3,3,38,4,65,9,89,13,2,18,4,13,14,8,48,36,19,35,13,24,31,18,48,d2
10,73,21,50,31,27,10,16,7,27,20,6,27,35,32,58,32,75,4,0,7,40,7,63,13,86,12,10,18,1,13,16,7,28,29,33,34,16,23,33,7,50,d2
2,67,14,49,25,32,8,15,14,16,19,2,30,36,31,58,41,76,3,4,3,41,3,64,8,87,14,9,19,1,14,15,9,44,14,21,31,15,25,38,14,49,d2
1,70,11,53,22,31,11,19,11,19,16,2,28,32,33,54,39,72,5,2,0,37,5,60,5,83,12,8,17,3,11,14,11,19,34,24,34,13,23,36,17,48,d2
5,67,17,49,28,26,11,10,11,16,17,2,22,36,22,58,27,76,5,4,6,36,6,58,11,81,11,10,17,1,12,21,1,44,12,21,33,16,22,33,11,49,d2
13,71,3,54,20,32,8,15,14,9,19,3,31,31,42,54,48,71,3,2,3,37,9,60,14,82,8,3,30,9,25,31,19,48,0,0,36,9,30,31,19,43,d2
2,69,10,52,26,29,9,12,13,12,20,4,31,33,37,55,43,73,9,1,2,39,2,62,2,84,7,7,19,1,24,29,8,41,35,24,30,12,24,30,13,46,d2
3,72,14,49,31,27,14,10,3,21,19,2,26,36,31,58,31,76,3,4,2,36,3,59,2,81,13,10,14,2,13,16,8,43,31,27,31,15,25,32,14,44,d2
6,71,17,48,28,26,12,9,10,14,17,2,28,37,28,59,34,77,6,3,5,37,5,59,11,82,10,8,16,3,11,20,0,43,27,26,32,15,22,32,10,48,d2
12,69,5,52,21,29,9,12,18,12,20,1,32,28,43,50,54,68,4,6,4,39,5,62,9,84,12,6,18,1,18,17,13,41,18,18,35,12,29,29,18,46,d2
4,73,16,55,26,22,10,4,13,5,21,6,27,35,32,53,37,75,10,1,7,41,2,58,2,80,7,16,19,7,23,28,7,44,29,28,34,11,23,33,7,50,d2
13,70,4,53,20,31,10,13,13,7,20,2,37,27,48,49,59,66,4,2,9,38,10,61,15,83,12,2,29,8,24,25,18,42,24,14,35,8,34,30,29,36,d2
16,72,1,55,17,33,6,10,16,4,18,1,39,30,50,47,61,65,6,4,6,41,12,65,17,92,11,4,21,7,22,27,16,38,38,21,33,4,33,32,22,44,d2
10,68,7,51,18,29,12,11,11,6,18,0,34,28,45,46,56,68,6,0,7,40,12,62,17,80,10,0,27,11,26,28,16,45,32,6,37,11,32,28,27,34,d2
6,70,10,48,21,30,10,13,12,7,21,3,33,32,43,55,49,72,5,2,4,38,10,61,10,84,12,2,18,4,23,30,12,42,34,19,34,13,29,30,18,47,d2
12,70,22,48,28,20,6,9,5,20,17,3,22,37,22,54,23,77,6,3,10,37,11,54,16,77,10,9,16,2,11,19,0,37,11,25,28,19,22,31,10,42,d2
4,72,15,49,27,26,9,10,12,26,21,2,27,31,37,54,42,76,4,4,1,37,1,60,2,82,13,9,18,2,13,15,7,26,29,31,35,15,24,32,13,49,d2
2,73,13,51,29,28,7,11,9,22,18,1,29,35,34,57,35,75,7,5,4,40,4,63,4,86,10,10,15,1,15,16,9,28,26,28,32,16,26,33,15,45,d2
4,65,15,48,31,26,37,3,48,20,14,2,26,31,31,54,37,71,7,3,8,37,13,59,19,82,24,9,25,8,19,31,7,43,35,20,36,26,25,37,19,48,d3
12,69,10,53,27,35,44,7,60,21,16,1,28,28,38,50,44,72,1,2,1,38,0,61,0,84,23,7,28,10,28,24,17,46,39,19,45,18,39,36,29,47,d3
14,58,3,47,20,30,36,7,53,10,14,1,30,27,36,44,47,61,3,2,3,33,8,55,14,73,19,7,25,10,25,19,19,41,36,19,41,12,36,30,30,41,d3
3,65,14,48,30,30,47,2,63,15,14,2,25,31,30,49,36,66,4,2,9,37,14,60,15,83,25,8,26,3,19,25,8,47,37,19,37,20,31,36,20,48,d3
7,65,14,49,31,31,37,9,48,14,14,3,26,25,31,48,36,65,2,4,7,31,7,54,8,76,19,14,25,3,19,26,0,0,35,26,36,20,30,37,24,48,d3
4,73,20,56,37,33,47,5,48,23,15,5,26,24,26,47,31,69,2,10,8,30,13,53,19,75,19,21,25,5,19,33,19,81,35,33,36,33,24,45,18,55,d3
4,67,7,50,24,33,40,5,57,12,12,0,29,29,35,46,46,69,4,5,4,35,1,63,1,85,21,11,26,6,26,22,15,39,37,22,43,17,32,34,26,50,d3
8,64,9,53,25,41,37,19,58,4,14,2,26,26,31,49,42,72,8,7,2,38,3,61,3,83,25,13,30,4,25,25,0,0,41,25,42,24,36,36,25,42,d3
1,84,16,67,33,50,44,17,60,7,10,16,22,19,22,41,27,69,12,22,12,29,17,52,22,80,34,27,39,16,29,44,23,80,0,0,45,45,0,0,0,0,d3
10,65,26,48,37,30,48,2,54,26,15,2,21,32,20,55,15,78,7,8,7,38,13,61,18,83,23,13,29,2,19,25,7,42,30,25,35,30,29,36,18,47,d3
2,65,9,49,26,37,37,9,48,14,14,8,26,26,31,48,36,71,7,9,2,36,2,59,2,82,24,14,30,3,24,26,0,0,36,26,41,26,30,37,24,43,d3
5,73,12,51,34,33,45,0,56,23,17,0,29,34,34,52,40,75,5,5,5,40,5,64,10,92,22,11,28,5,22,28,10,51,39,22,44,22,33,39,22,51,d3
6,58,17,46,34,29,45,1,61,16,11,1,22,28,27,50,28,67,5,1,11,33,16,56,22,78,22,12,28,6,22,24,11,41,33,24,34,24,28,35,17,46,d3
19,73,3,55,26,38,42,4,59,13,14,4,31,30,42,52,53,70,2,4,3,41,3,64,3,92,20,10,30,1,25,27,19,50,41,16,47,16,41,33,30,50,d3
6,81,16,64,33,42,44,13,60,15,16,13,27,26,33,44,38,66,6,13,0,32,1,55,6,83,23,13,23,15,23,8,23,25,39,19,40,2,40,19,34,31,d3
7,87,10,65,32,42,44,14,60,10,16,8,32,26,38,44,49,66,6,13,1,32,4,60,4,83,23,13,23,15,24,8,23,30,40,19,45,2,45,19,40,36,d3
2,80,15,63,37,40,48,12,59,17,20,11,31,28,37,46,42,68,2,12,2,34,3,57,8,85,24,12,25,16,25,11,24,34,41,17,46,6,46,23,41,34,d3
3,67,14,44,30,26,36,1,42,24,14,4,25,30,25,47,26,65,2,4,3,30,8,53,13,75,19,10,24,4,14,26,8,44,30,21,36,16,25,32,19,44,d3
10,71,21,43,37,20,43,8,48,26,15,3,20,37,20,54,15,77,2,3,13,32,24,54,35,77,13,14,30,9,18,31,2,48,24,25,35,26,24,42,8,48,d3
13,75,24,52,36,24,46,4,47,27,19,1,19,33,18,56,13,78,2,6,9,33,15,56,26,79,15,13,31,1,20,24,9,41,26,24,37,24,26,35,15,47,d3
8,79,8,67,19,51,8,34,8,17,19,22,30,6,36,24,42,46,2,22,8,18,14,40,19,58,14,22,9,12,9,35,9,52,31,28,31,0,36,17,37,29,d4
12,79,24,67,29,50,12,33,10,33,28,16,34,18,35,40,40,58,12,21,7,24,6,47,1,69,5,27,16,12,22,35,27,52,21,38,33,11,44,1,54,18,d4
24,77,7,71,9,54,7,36,19,20,15,20,32,3,48,20,59,37,2,19,15,20,21,37,31,60,19,20,8,14,2,37,2,54,35,26,30,3,30,20,30,37,d4
9,78,8,67,19,55,2,34,14,22,19,22,31,7,41,24,47,41,2,21,13,18,19,41,19,58,14,22,14,13,14,35,14,58,26,28,36,4,37,13,42,30,d4
7,89,10,73,21,56,4,38,18,27,21,27,38,7,44,30,49,47,4,22,10,24,15,47,16,69,13,27,12,13,12,36,12,63,29,33,35,4,40,13,46,35,d4
27,84,5,73,11,56,5,38,22,22,17,27,34,1,50,19,62,36,0,21,17,18,23,41,33,64,16,22,10,18,5,41,0,59,33,27,38,1,38,19,39,36,d4
29,86,7,75,15,58,2,41,24,41,15,23,37,5,53,27,65,44,3,18,15,22,26,45,31,68,13,24,13,16,7,44,2,67,35,35,41,1,41,16,46,39,d4
1,89,18,72,34,55,18,37,4,21,24,21,40,13,46,36,52,53,7,21,12,20,13,47,13,70,15,27,15,13,20,36,21,59,31,43,43,9,49,8,60,24,d4
15,80,7,69,24,52,13,40,4,34,19,18,35,11,46,28,57,45,2,18,13,22,18,45,24,68,15,24,15,16,15,39,10,62,32,35,37,6,43,11,54,28,d4
4,90,13,73,30,51,13,34,4,22,29,17,40,12,46,35,52,52,7,17,13,23,13,47,13,74,10,28,20,17,21,40,27,58,26,39,38,11,49,6,60,18,d4
29,78,7,72,10,60,6,38,23,27,16,21,38,2,49,19,66,36,1,21,16,19,27,42,33,64,18,21,12,18,7,41,1,59,34,27,35,2,40,19,40,36,d4
4,77,13,70,30,53,13,37,9,31,19,25,30,9,35,27,41,49,2,25,8,20,13,43,13,61,15,25,15,15,15,37,15,55,31,36,32,3,37,15,42,31,d4
5,83,6,66,22,49,6,32,11,21,17,21,29,8,39,25,45,42,1,21,11,19,12,41,12,59,11,21,11,13,11,36,11,53,22,32,32,4,38,13,39,25,d4
14,80,3,75,20,58,9,41,8,40,20,24,36,5,42,28,53,50,3,24,14,22,19,45,20,67,19,29,14,16,13,39,8,62,36,35,36,1,41,21,42,39,d4
18,78,1,72,15,61,4,43,12,38,16,26,32,7,43,25,54,47,1,21,10,19,21,42,27,64,23,26,12,14,7,41,1,64,40,32,35,2,34,19,34,41,d4
3,75,20,69,37,52,31,40,25,29,25,18,31,11,36,33,42,56,8,18,8,22,8,45,8,68,13,24,19,11,30,34,35,56,30,35,41,7,47,5,58,22,d4
20,67,4,67,18,55,13,39,2,33,13,21,30,2,46,19,58,35,3,16,13,18,24,41,30,58,15,21,14,18,9,36,9,58,37,27,37,1,37,18,42,36,d4
23,75,39,63,50,40,34,29,12,29,28,17,28,22,28,39,28,62,11,18,1,22,5,45,11,68,5,29,21,5,33,28,39,50,21,40,38,17,49,1,55,10,d4
16,77,6,71,23,59,17,43,11,37,17,20,33,8,44,26,50,43,0,20,11,20,17,43,22,65,17,25,16,14,12,37,11,60,38,32,39,3,44,19,50,37,d4
12,83,6,72,27,55,17,38,17,26,16,21,28,8,34,30,44,48,5,21,6,19,12,42,17,65,22,21,16,13,11,36,11,59,39,32,33,3,33,14,33,31,d4
8,78,14,67,36,50,53,38,69,27,14,22,25,7,36,30,42,52,8,22,3,19,8,46,9,64,19,27,25,13,25,36,30,58,36,33,47,4,52,13,58,30,d5
5,84,22,67,43,50,60,32,72,21,16,22,22,13,27,30,28,53,1,22,0,19,0,46,0,64,17,27,23,13,28,35,28,53,34,38,40,5,50,13,56,24,d5
28,73,6,67,16,56,38,45,60,39,5,22,27,6,39,18,50,34,11,16,5,18,16,35,27,57,23,16,17,18,12,40,11,58,39,22,40,7,45,24,45,40,d5
7,80,23,63,40,45,57,29,68,17,13,17,24,11,29,28,35,45,4,17,2,17,2,40,2,57,15,23,26,11,32,29,37,46,27,29,43,6,49,6,59,17,d5
7,77,15,61,32,49,48,32,65,20,15,15,21,8,27,25,32,37,1,15,4,19,4,36,4,54,13,20,18,13,23,31,24,48,29,26,40,4,46,13,51,25,d5
4,85,16,62,32,45,49,28,65,16,15,22,21,12,27,29,32,46,1,22,4,18,4,40,5,58,18,22,23,12,24,29,29,47,29,28,40,5,46,12,52,23,d5
24,73,35,56,52,34,58,16,68,5,19,16,19,18,19,35,18,52,2,16,4,18,9,40,15,58,9,27,26,6,37,18,48,35,20,39,37,17,48,5,59,6,d5
18,65,4,65,27,54,49,37,71,26,16,20,27,3,37,25,44,43,6,20,5,20,10,43,15,60,18,25,23,14,23,37,23,54,35,31,45,3,51,14,57,26,d5
6,95,22,73,44,55,55,27,66,10,21,22,26,13,27,36,32,58,1,27,1,19,4,47,5,69,18,28,23,12,29,35,29,53,34,38,45,10,51,12,57,24,d5
17,75,5,68,27,51,39,34,55,17,11,23,22,5,33,23,39,40,6,23,5,17,11,39,16,57,22,23,17,12,12,34,12,56,39,29,39,0,40,17,45,34,d5
6,79,16,68,33,51,44,29,60,12,16,23,22,11,32,28,33,46,1,23,0,17,5,40,5,62,18,28,23,11,23,34,23,51,34,34,40,6,45,11,50,28,d5
1,85,23,68,40,51,57,34,73,17,17,17,28,11,34,29,35,51,4,22,1,23,1,45,1,63,16,23,27,12,32,34,33,51,32,34,49,6,55,6,61,17,d5
9,76,7,64,24,47,36,25,52,14,13,20,24,4,30,26,35,38,4,25,2,15,7,32,8,54,20,25,15,9,15,32,14,49,37,25,37,2,37,15,42,31,d5
6,87,10,70,32,53,49,41,66,30,10,24,27,10,38,27,48,44,7,19,4,21,10,44,15,67,23,24,23,16,23,39,23,61,40,30,46,1,51,16,57,33,d5
17,86,28,69,40,47,45,24,45,1,17,24,28,10,29,33,34,50,1,24,1,16,0,44,5,62,16,30,21,10,22,32,27,50,33,36,39,12,49,5,55,21,d5
10,88,22,65,38,42,39,20,44,3,16,20,22,9,27,31,33,49,0,25,0,14,1,37,1,59,17,26,17,9,23,26,23,43,34,31,39,3,45,14,50,26,d5
38,60,5,54,18,48,39,31,51,15,12,20,23,3,34,20,45,36,5,15,6,14,12,31,18,48,16,20,16,14,10,26,10,43,32,25,33,3,38,14,38,26,d5
23,75,1,69,21,52,32,29,43,7,10,24,22,5,33,22,44,39,7,23,4,16,10,34,21,56,23,18,17,11,7,28,1,50,40,24,35,1,35,16,34,33,d5
20,70,2,65,24,53,36,31,46,14,8,25,25,4,36,26,47,43,9,25,2,15,13,38,19,60,25,25,15,10,10,32,9,49,42,30,42,2,42,15,42,32,d5
24,76,3,70,25,53,36,30,48,13,9,24,25,4,37,26,53,43,8,24,3,15,14,38,19,61,24,24,19,10,14,32,8,55,41,30,41,2,41,15,41,32,d5
0,80,11,63,22,46,5,29,12,18,22,12,33,17,39,34,44,51,5,12,6,28,6,45,5,67,11,17,17,16,22,34,23,56,22,29,33,11,28,17,17,23,d6
31,86,14,80,7,63,9,40,31,24,13,23,30,5,46,27,58,44,4,18,8,22,14,45,19,73,20,18,15,16,9,39,9,62,31,23,43,6,31,12,58,45,d6
6,66,4,55,10,48,4,32,0,0,16,14,27,14,32,30,38,43,1,14,4,20,5,42,4,59,12,15,13,14,18,31,18,48,23,26,23,9,18,14,12,21,d6
4,90,8,78,24,55,2,38,20,27,19,15,36,13,47,41,57,64,2,16,8,30,13,58,13,81,15,21,15,19,15,47,20,70,32,33,37,10,31,21,26,32,d6
4,79,15,62,26,45,4,33,13,27,21,11,32,18,37,40,43,58,4,16,4,29,4,52,4,74,12,22,18,18,19,40,24,58,24,33,30,11,24,23,18,33,d6
3,60,3,55,14,49,3,32,0,0,14,15,26,9,31,25,37,47,2,15,3,20,8,42,3,64,13,15,13,14,14,36,14,53,24,26,24,9,14,15,13,26,d6
5,76,16,65,22,54,1,43,0,0,22,14,33,14,44,37,50,54,5,15,5,31,5,54,5,71,12,25,28,14,34,37,45,54,23,37,39,20,0,0,28,32,d6
6,74,6,63,22,51,27,45,0,0,22,12,33,17,39,34,45,51,0,17,6,28,6,46,6,68,16,22,22,17,22,40,22,57,28,29,39,6,28,17,17,23,d6
12,71,28,59,50,48,0,0,0,0,23,14,34,14,39,37,40,54,6,19,6,26,6,48,1,66,10,25,27,9,33,26,49,48,22,31,33,20,33,20,27,37,d6
12,71,17,59,23,48,6,36,11,30,17,8,28,20,34,38,34,55,6,8,1,26,1,49,0,66,5,14,21,15,27,37,33,55,16,25,27,14,22,25,16,31,d6
1,75,5,64,16,52,0,35,17,24,21,13,33,10,38,32,44,50,5,13,5,27,10,45,10,67,6,18,17,16,18,38,23,56,18,24,29,7,28,12,18,24,d6
2,93,13,75,24,53,7,35,26,24,24,18,35,21,41,39,47,61,7,19,8,32,8,55,8,78,9,24,15,21,20,44,20,67,20,30,37,13,32,13,26,24,d6
2,70,9,59,15,53,0,0,0,0,15,14,26,10,31,27,37,49,3,14,4,21,3,43,3,61,13,19,13,15,19,32,19,49,24,30,24,13,19,14,13,25,d6
9,82,2,76,13,65,0,0,0,0,13,25,24,3,30,26,30,43,4,25,3,15,26,32,31,49,15,25,21,4,4,38,4,60,26,31,31,19,30,26,35,43,d6
6,94,15,77,27,59,10,42,18,26,26,14,38,20,43,42,49,65,5,15,5,31,5,54,5,82,12,20,18,20,23,43,28,71,29,32,34,9,24,14,18,26,d6
2,67,8,56,13,50,0,0,0,0,18,16,29,12,35,29,35,41,2,16,2,18,7,41,2,58,9,21,15,12,20,35,20,47,20,28,26,11,20,16,15,22,d6
6,97,11,80,22,63,6,46,23,34,22,17,39,17,50,40,56,67,5,17,6,34,11,62,6,85,11,23,23,22,28,45,33,73,0,0,39,17,39,29,23,34,d6
0,89,11,72,22,55,5,38,17,32,27,15,38,19,44,37,50,59,5,15,5,31,6,53,5,76,11,15,17,19,23,42,28,65,22,26,34,15,34,15,17,27,d6
0,0,3,70,9,63,19,53,30,46,9,30,20,1,31,22,36,44,8,30,8,16,36,27,8,61,19,35,47,29,8,44,8,61,0,0,25,5,31,27,36,44,d6
3,82,13,70,25,54,2,42,20,31,24,14,35,20,41,38,47,60,7,14,7,32,8,55,7,77,9,20,20,20,26,43,26,66,20,25,32,14,32,25,20,31,d6
5,78,17,61,28,44,16,27,1,16,27,10,39,19,44,36,55,53,5,15,11,30,11,53,11,76,12,21,17,19,11,2,6,15,28,27,45,9,62,2,73,13,d7
2,84,14,68,30,50,13,28,9,16,25,16,36,12,46,34,52,52,7,16,13,29,13,52,13,75,14,22,20,18,20,12,0,0,31,28,43,5,54,12,65,29,d7
7,78,10,61,21,45,10,27,7,15,21,16,38,12,49,30,55,47,4,16,10,24,16,47,21,69,12,16,17,18,7,1,0,0,29,27,45,1,51,18,62,30,d7
9,71,8,60,19,43,8,26,3,15,19,14,36,8,47,25,58,37,2,14,14,25,19,48,24,65,14,15,14,20,8,2,0,0,31,26,42,2,53,14,64,26,d7
6,80,17,63,28,40,12,18,5,6,18,17,29,16,39,34,40,51,6,17,7,23,6,45,6,68,11,23,16,17,0,0,0,0,27,34,38,6,49,11,55,28,d7
10,76,21,59,32,41,10,19,7,8,26,13,32,16,38,38,43,55,9,13,4,27,4,50,4,72,12,24,18,16,7,2,7,13,24,30,40,7,46,10,57,21,d7
10,78,6,61,18,44,6,21,1,1,18,16,34,7,46,24,51,41,2,15,12,19,18,42,23,64,15,21,10,18,5,2,4,4,32,27,43,2,54,19,60,30,d7
7,79,4,67,15,56,2,39,0,0,15,22,27,7,37,29,38,52,2,21,15,18,21,46,26,64,18,22,13,13,7,36,0,0,34,27,29,1,34,23,34,36,d7
15,77,26,66,32,49,10,37,7,21,26,15,32,19,37,42,38,59,4,20,9,25,4,53,4,76,12,26,18,13,24,31,0,0,24,37,35,9,46,8,52,20,d7
9,75,19,64,25,47,42,35,47,24,20,13,30,16,31,38,31,56,3,13,3,27,3,50,2,72,14,24,25,10,30,33,0,0,30,35,41,7,47,10,58,21,d7
14,72,20,60,30,44,42,32,42,15,19,15,25,19,30,36,31,58,2,15,2,25,2,47,3,65,14,21,25,8,31,31,0,0,25,32,41,9,47,7,58,19,d7
1,77,15,65,22,43,10,26,6,14,22,14,38,14,49,31,55,48,5,14,11,31,16,54,16,76,12,20,18,20,12,3,7,14,29,26,46,3,57,9,68,25,d7
1,77,10,60,21,42,10,20,7,9,21,15,32,14,43,31,49,48,5,15,10,25,10,43,10,65,12,20,12,14,0,0,0,0,29,31,40,3,51,14,62,26,d7
8,82,9,65,25,48,14,30,3,14,25,14,37,14,47,32,53,49,3,14,14,26,15,49,20,71,14,19,19,20,8,3,8,8,30,25,46,3,53,15,64,31,d7
2,79,14,62,29,45,14,28,3,17,24,11,35,17,41,34,47,52,2,16,13,29,13,51,14,69,14,17,20,17,9,0,9,16,31,28,43,0,54,12,65,28,d7
11,75,23,63,34,41,22,29,1,19,28,13,34,21,34,39,34,61,6,13,6,33,6,55,1,73,10,19,21,16,11,4,5,13,22,30,38,12,55,1,66,10,d7
0,74,11,62,23,45,11,23,5,12,22,12,39,11,50,28,61,45,5,12,11,28,17,51,17,73,11,17,17,22,11,5,6,17,28,28,44,6,61,11,72,22,d7
17,84,0,67,16,49,10,27,6,10,21,21,38,1,55,13,66,30,5,15,16,30,22,47,28,70,17,15,12,24,12,14,0,0,33,21,45,7,56,24,62,36,d7
12,78,5,61,16,44,5,27,7,15,21,16,38,7,49,24,60,41,1,15,15,30,16,47,21,70,17,16,13,19,7,1,7,10,29,22,45,7,51,19,57,36,d7
7,81,10,64,21,47,10,30,7,13,21,18,37,10,49,27,60,44,4,13,10,27,15,50,16,73,18,18,19,21,13,1,0,0,34,29,41,4,52,16,62,33,d7
13,63,24,51,35,34,24,17,8,6,29,6,35,23,35,40,40,57,13,11,7,23,8,6,8,5,4,17,20,12,26,29,32,46,20,28,42,11,54,0,70,6,d8
2,59,9,48,20,37,0,0,0,0,20,9,31,8,37,20,42,31,8,9,9,20,9,37,9,54,3,14,13,9,13,9,14,9,14,25,30,8,42,3,53,9,d8
15,50,26,39,32,27,32,27,0,0,20,5,26,18,26,30,26,47,9,5,4,13,4,13,4,18,2,10,13,7,24,19,30,30,13,21,30,10,41,4,52,2,d8
4,74,20,63,31,46,25,34,9,28,25,11,31,23,31,46,31,68,8,17,9,11,9,6,14,40,8,17,14,6,14,23,14,40,25,23,41,5,47,22,53,35,d8
12,74,19,57,35,46,24,34,2,28,24,11,30,23,35,45,35,68,7,11,7,17,7,0,12,17,10,12,15,17,21,29,26,40,26,23,37,5,43,17,54,34,d8
3,67,19,61,31,50,25,33,8,22,25,10,31,24,36,47,36,64,8,15,9,13,8,1,9,16,8,16,14,13,24,35,25,47,25,27,36,7,47,24,52,36,d8
10,70,27,59,38,42,32,36,11,24,27,7,38,27,38,49,38,72,10,13,5,21,10,2,10,14,12,19,18,15,29,32,34,44,29,25,45,3,57,15,68,32,d8
1,75,16,63,27,41,27,24,15,12,21,18,27,22,32,39,33,62,4,18,10,11,10,6,10,22,12,18,18,11,18,28,17,45,29,24,40,1,46,16,51,33,d8
0,75,16,58,28,40,28,23,11,7,22,18,28,16,33,39,33,56,5,18,5,11,0,16,0,17,11,18,16,11,17,28,17,45,23,24,34,1,39,11,45,28,d8
2,82,15,64,32,42,32,24,15,8,26,19,32,10,32,38,37,60,9,19,4,9,4,15,1,21,7,19,18,15,18,32,18,49,24,25,40,2,46,15,51,32,d8
5,85,22,63,33,40,28,23,11,6,27,18,27,22,28,40,33,62,10,17,5,11,0,16,1,22,6,23,17,11,23,29,23,46,23,28,39,1,45,11,51,23,d8
9,79,20,62,31,45,26,23,9,11,26,11,37,18,43,40,49,58,9,11,9,23,9,6,9,6,8,17,19,17,24,34,30,57,24,28,46,0,57,12,69,23,d8
0,81,17,64,33,42,28,24,11,7,22,19,28,16,33,38,34,61,6,18,6,10,5,15,0,21,11,19,17,15,17,32,17,50,28,25,39,2,44,15,50,27,d8
14,78,26,61,37,44,26,27,9,21,25,15,36,19,37,41,37,59,4,16,9,13,0,0,19,53,8,21,13,13,18,30,19,53,24,27,41,4,52,7,63,19,d8
1,58,15,52,32,41,21,29,4,29,21,12,32,16,37,28,43,45,1,12,10,16,9,1,15,17,13,12,18,11,18,28,18,45,29,17,40,10,46,22,52,39,d8
8,71,19,59,35,42,25,25,8,14,24,14,35,15,35,37,41,54,2,14,8,20,13,9,0,0,9,19,20,15,21,32,26,54,26,25,42,3,48,15,59,26,d8
4,61,21,50,38,44,26,33,1,33,26,10,37,18,43,35,49,47,4,10,10,18,9,5,10,21,13,5,18,13,18,24,23,36,30,16,41,13,51,25,62,41,d8
12,65,23,54,34,42,23,31,6,25,23,13,33,20,34,38,39,55,6,14,6,15,11,2,21,43,11,14,16,9,16,26,21,43,22,25,38,2,49,10,56,21,d8
3,60,19,49,36,43,20,32,3,26,20,9,31,14,37,31,42,42,3,9,9,19,8,3,14,15,14,9,14,14,19,31,14,42,30,15,41,8,47,25,53,37,d8
20,48,26,42,31,30,26,19,20,3,25,3,25,20,25,37,25,49,9,8,3,15,3,10,31,26,3,14,14,4,25,15,36,26,8,25,30,14,41,8,52,2,d8
4,80,26,63,43,40,43,29,27,18,16,12,27,11,32,1,32,18,1,12,4,28,4,50,4,73,13,18,18,17,23,39,24,62,29,29,40,1,46,11,57,27,d9
10,89,12,67,29,56,40,33,29,22,18,22,28,6,29,6,29,12,1,16,7,24,7,47,12,69,16,16,16,18,16,41,16,63,33,22,38,1,43,18,44,35,d9
10,75,11,59,28,47,39,30,23,19,17,19,28,4,28,7,23,19,0,13,6,21,11,44,12,61,16,13,16,21,17,38,21,60,28,19,33,4,38,21,39,32,d9
19,60,2,54,20,43,26,31,21,20,10,20,20,8,21,3,21,3,2,14,9,15,15,32,20,54,13,14,8,20,7,37,7,54,25,19,30,3,30,20,35,32,d9
15,68,2,62,24,51,35,39,24,28,18,22,24,0,24,16,29,6,2,16,13,23,13,41,18,63,15,16,10,18,10,41,10,63,31,17,37,6,37,23,43,40,d9
13,74,9,62,31,46,36,34,25,18,19,18,25,1,26,0,30,6,3,12,8,22,9,39,14,57,14,12,14,17,14,39,14,57,30,18,36,5,41,17,41,33,d9
2,74,16,56,37,45,43,28,31,22,21,16,26,1,26,0,26,12,4,11,4,23,4,41,4,63,13,16,18,18,18,35,18,57,29,22,41,0,46,12,52,24,d9
10,77,12,65,34,54,45,37,29,20,18,20,29,2,34,8,29,25,1,14,7,25,12,48,18,71,16,14,21,25,16,43,16,66,33,25,44,3,49,20,55,37,d9
4,78,18,61,36,50,41,33,30,27,18,15,30,7,35,10,30,27,2,10,7,25,8,47,13,70,15,15,20,24,20,41,20,64,32,21,43,1,48,18,59,35,d9
3,72,18,61,36,49,46,32,30,27,18,15,30,7,35,9,30,26,3,10,7,25,8,47,13,70,20,15,20,24,20,42,21,64,32,21,43,2,48,18,59,30,d9
2,68,20,56,37,45,42,33,31,23,20,11,26,6,32,5,31,23,2,11,4,23,9,46,9,63,14,11,19,23,19,40,24,58,30,22,41,1,47,17,52,29,d9
14,77,26,60,42,43,42,26,25,20,25,14,31,9,31,3,0,0,8,14,9,25,9,48,3,70,8,15,19,19,25,37,36,54,25,26,41,3,52,8,58,20,d9
3,70,19,58,37,52,42,35,31,24,20,18,30,5,36,7,31,24,2,13,4,27,9,45,9,67,19,13,19,21,20,44,24,62,31,24,42,1,47,16,58,32,d9
7,80,24,63,40,46,46,29,35,18,24,17,29,11,30,1,30,18,2,17,2,28,7,51,2,73,15,18,21,17,21,39,26,62,27,29,43,1,49,11,59,28,d9
5,83,17,61,39,44,45,38,34,27,17,21,28,2,34,10,28,19,0,16,6,24,6,47,11,69,16,21,17,19,17,41,16,63,33,27,44,1,49,13,55,30,d9
1,73,16,61,32,45,38,33,38,22,16,16,27,6,32,5,32,17,1,11,5,24,5,46,5,69,18,16,18,18,18,40,18,58,29,27,40,1,46,17,51,29,d9
1,65,16,54,32,43,38,31,27,20,21,15,32,2,32,3,32,8,0,14,10,20,16,43,16,60,12,15,18,20,23,37,28,59,29,25,45,3,51,9,62,25,d9
17,65,10,59,33,65,32,37,27,31,11,14,32,3,32,8,27,20,1,13,15,26,22,43,32,66,18,13,13,26,12,44,12,66,34,19,45,9,51,21,62,38,d9
26,75,1,63,18,57,29,45,23,29,12,18,34,1,34,17,24,29,4,12,18,22,29,45,40,62,21,12,10,28,5,46,4,68,38,17,43,11,44,28,49,50,d9
6,67,10,57,22,51,32,39,16,28,16,22,27,0,27,0,27,1,0,16,10,18,11,40,16,58,17,16,12,18,11,40,6,58,34,22,34,6,39,23,40,40,d9
40,51,7,44,26,28,49,1,0,0,21,18,37,18,31,5,21,11,7,23,26,24,10,5,4,16,18,24,4,24,7,5,18,16,41,23,23,23,29,5,34,11,A
20,67,8,45,41,22,52,13,30,29,19,1,30,24,30,18,19,11,2,18,8,29,2,5,2,22,20,24,15,30,20,5,15,22,42,18,42,18,37,10,26,27,A
33,57,5,45,29,23,46,5,68,17,17,0,29,17,23,6,17,12,1,16,17,28,6,0,10,17,16,17,4,34,15,0,21,17,44,22,27,22,32,1,38,17,A
23,53,10,41,38,19,50,15,0,0,22,15,33,21,27,2,22,8,5,21,11,27,5,7,5,13,17,21,12,27,12,7,17,13,39,15,34,20,34,7,28,19,A
31,67,3,45,35,22,47,12,58,34,19,12,30,23,24,5,18,11,2,18,13,29,2,5,4,22,20,18,9,29,15,5,20,22,48,12,32,23,32,5,32,17,A
7,63,15,40,37,12,43,16,0,0,20,16,21,22,20,5,20,6,1,16,4,27,4,1,4,17,13,17,18,22,13,1,7,18,29,16,35,17,30,1,24,18,A
16,58,6,40,33,18,39,11,39,33,17,11,22,22,22,1,12,12,0,11,6,22,0,6,0,17,16,16,11,22,11,1,11,18,28,5,33,17,33,1,23,17,A
9,55,8,38,30,16,35,8,24,18,18,8,19,18,18,1,13,10,2,13,2,19,2,4,2,15,9,13,15,24,14,1,9,16,26,13,31,18,26,1,25,10,A
18,50,4,39,32,21,43,13,43,41,15,8,26,19,21,4,10,16,1,13,9,24,4,4,2,16,18,18,13,25,13,4,13,21,30,12,35,18,29,4,29,16,A
18,57,5,46,38,23,44,16,50,45,16,1,28,22,22,6,16,12,0,16,10,27,5,7,6,23,18,17,12,28,12,6,17,23,40,11,39,22,34,1,34,18,A
19,57,4,40,37,18,43,11,42,44,20,11,26,22,20,6,15,17,3,16,9,23,4,12,2,23,19,17,13,28,13,6,13,23,41,5,35,22,35,1,30,12,A
9,64,13,41,41,13,46,21,30,39,19,16,24,22,19,1,19,7,3,16,2,27,2,7,2,13,20,15,20,21,14,12,9,19,37,10,37,10,31,12,26,24,A
16,62,11,39,39,17,44,17,39,46,17,12,23,23,17,5,16,11,0,17,5,24,0,5,0,17,17,13,17,23,16,5,11,22,34,12,38,17,33,5,28,16,A
26,72,7,44,40,21,57,13,0,0,18,2,35,25,29,3,24,10,2,19,18,31,7,4,1,15,15,25,9,31,10,3,20,15,48,14,32,30,32,2,32,15,A
17,64,6,42,34,14,44,10,28,32,22,15,23,26,22,2,22,8,0,20,6,26,5,2,0,19,17,15,11,26,11,8,16,25,44,14,33,15,28,8,28,20,A
15,59,8,37,36,14,47,15,0,0,24,15,30,26,24,3,24,2,2,20,8,31,7,3,2,13,20,15,9,26,9,8,14,19,43,14,32,15,26,8,26,19,A
16,64,6,42,34,19,50,15,34,37,17,15,28,21,23,2,17,7,0,15,7,26,6,7,0,13,21,15,11,26,11,7,16,19,44,10,33,20,32,2,27,19,A
27,60,0,43,28,15,45,9,0,0,28,19,34,25,28,2,23,10,7,24,17,31,6,3,0,20,11,25,5,30,11,4,16,21,44,19,27,24,28,4,32,15,A
32,52,3,41,30,29,47,4,41,22,19,10,30,15,24,7,19,13,3,16,18,22,7,7,2,12,20,16,3,27,14,7,20,12,42,21,26,22,31,1,32,12,A
18,59,9,41,37,13,43,15,32,33,21,10,26,21,21,2,20,8,4,15,9,22,4,7,1,13,18,16,13,26,13,7,13,18,40,10,35,21,29,2,29,19,A
2,88,19,66,25,43,13,20,4,14,13,20,18,8,18,25,13,48,2,21,2,13,2,36,2,54,9,26,9,8,9,31,9,48,26,31,20,3,20,19,20,31,B
8,84,19,67,30,44,19,22,3,15,19,22,19,7,14,30,13,47,3,21,2,13,2,36,3,58,9,27,9,7,14,30,14,52,20,33,20,4,20,13,25,29,B
13,105,4,82,26,59,10,31,7,20,15,25,26,9,27,32,31,55,4,25,9,20,10,43,15,71,13,25,7,14,7,38,2,65,35,31,29,3,24,20,23,37,B
5,106,16,78,28,55,17,32,6,21,17,26,22,8,22,36,22,59,5,21,6,19,11,47,6,70,11,26,11,13,11,36,6,59,33,38,27,4,27,14,27,36,B
22,86,1,74,18,57,6,34,11,18,12,23,23,5,28,28,34,51,5,23,11,17,17,40,23,62,21,23,5,11,1,34,6,56,38,29,27,0,22,17,16,34,B
21,81,4,69,12,52,1,35,15,23,12,24,23,5,29,27,29,45,4,18,12,16,18,39,23,56,16,18,4,11,1,33,7,50,32,24,21,4,21,16,15,33,B
5,81,17,65,27,47,11,31,6,19,11,19,22,10,22,32,17,49,0,19,5,15,6,38,6,61,16,25,6,10,6,32,6,50,27,31,22,2,22,15,22,27,B
13,79,24,62,29,45,12,29,9,22,18,17,18,11,18,29,13,51,2,22,2,17,2,40,1,57,10,23,10,11,15,28,15,46,21,34,21,6,21,11,26,23,B
3,89,20,67,36,50,19,32,3,16,14,21,20,12,20,30,25,53,2,21,3,18,3,41,3,64,14,27,14,8,13,35,9,53,30,38,25,5,30,13,30,30,B
6,95,16,72,32,55,21,37,1,20,16,21,22,8,27,31,32,53,1,21,5,19,5,42,10,70,17,27,12,13,12,36,7,59,34,38,29,9,29,13,29,31,B
21,90,32,72,37,44,15,27,7,10,21,16,20,13,15,36,9,58,9,21,4,19,2,42,12,64,7,32,13,13,18,35,19,53,18,44,19,10,24,8,29,24,B
27,81,5,70,7,53,1,30,10,13,7,24,18,4,29,21,34,43,4,19,7,15,18,37,24,55,21,19,5,15,1,32,12,49,33,19,21,4,16,21,15,32,B
5,92,22,69,33,47,17,24,0,13,16,23,22,10,21,33,21,56,5,18,5,16,5,39,0,62,12,29,12,10,12,33,12,56,28,40,23,7,28,10,28,27,B
6,97,16,74,26,46,10,24,12,18,15,23,21,5,22,28,21,51,4,23,5,16,10,39,10,62,12,24,7,11,7,34,6,56,29,30,23,1,23,17,18,33,B
6,85,17,68,28,45,12,23,5,11,17,22,17,11,17,29,17,51,6,23,6,12,6,39,0,57,11,28,10,6,11,29,11,51,22,34,22,5,22,12,22,28,B
17,86,23,63,33,40,12,23,5,12,17,18,17,10,17,28,11,50,6,23,1,11,0,39,5,56,10,29,11,10,11,28,16,50,22,35,21,1,22,16,22,28,B
19,84,2,67,14,50,8,27,8,15,14,27,20,2,25,24,26,42,2,21,9,13,14,36,20,58,14,21,3,12,2,30,3,52,30,22,20,1,19,18,14,30,B
13,81,4,64,20,47,9,25,8,13,10,24,20,4,21,27,26,44,2,24,4,10,9,38,10,56,13,24,7,10,2,32,2,50,30,30,19,1,19,16,18,32,B
21,81,27,63,27,41,10,24,7,7,21,18,16,10,11,33,5,50,5,18,4,16,1,38,7,56,7,24,12,10,12,27,18,44,17,35,18,7,23,10,23,22,B
3,87,19,64,30,42,14,25,2,13,14,24,15,9,15,27,14,49,3,19,3,15,3,38,3,60,13,25,8,9,8,32,13,49,25,31,19,2,20,15,19,27,B
37,70,9,58,18,42,35,24,46,8,10,8,4,27,13,27,29,20,21,7,9,32,13,26,29,15,27,8,20,26,7,21,18,10,37,19,21,9,9,15,12,10,C
49,67,21,61,7,50,29,38,50,27,11,10,5,30,17,25,29,19,22,4,5,30,17,24,34,19,28,5,11,24,12,24,23,13,38,10,22,13,0,19,12,18,C
52,62,24,56,4,45,26,39,43,28,7,5,4,29,26,23,37,17,19,0,3,29,20,23,32,12,29,0,13,28,9,18,20,6,40,11,24,12,8,17,9,12,C
47,56,20,50,3,39,25,33,36,27,9,5,3,23,19,23,30,18,19,4,3,24,19,23,30,12,25,4,9,24,8,18,19,12,36,10,20,12,8,18,8,18,C
56,58,29,53,1,47,21,36,38,25,17,2,4,21,21,15,27,9,23,4,1,26,21,20,32,9,28,4,12,26,16,20,27,10,29,4,12,15,4,15,16,15,C
52,54,24,54,4,43,21,37,37,26,12,8,3,26,20,25,37,20,24,3,2,31,20,20,32,14,30,3,13,26,9,20,21,9,41,9,24,14,4,9,20,8,C
35,74,8,62,15,45,37,28,48,12,8,12,7,28,9,29,26,23,19,11,8,28,14,28,31,23,29,11,19,23,9,28,20,17,35,17,24,11,8,17,4,17,C
48,67,20,56,7,44,29,33,46,22,15,1,4,29,18,24,29,18,21,6,9,29,13,23,30,17,26,1,20,23,7,18,24,12,32,10,15,7,2,7,18,7,C
21,85,2,67,24,45,40,22,51,5,5,16,15,23,7,30,18,29,21,16,15,24,7,35,24,29,27,17,26,23,1,29,18,24,37,23,21,12,9,18,7,18,C
24,83,1,60,22,43,38,26,49,4,6,15,1,19,10,31,27,25,18,14,12,25,10,31,27,26,29,15,23,20,1,31,16,25,34,20,24,8,12,19,4,20,C
40,69,12,58,15,46,32,29,44,18,7,12,1,28,10,28,26,22,18,6,6,28,15,27,27,17,28,7,12,22,5,22,16,16,34,12,23,11,7,16,5,16,C
28,73,5,56,23,39,34,22,45,10,10,11,5,24,7,29,28,18,21,10,10,24,11,29,29,18,27,11,16,23,6,24,23,17,38,22,22,6,10,17,6,18,C
42,71,14,59,14,43,31,31,53,20,13,8,8,31,14,31,31,20,19,3,8,31,14,26,31,20,30,8,19,21,8,20,20,14,36,14,19,9,3,14,14,9,C
47,68,18,56,9,45,31,28,48,11,8,11,3,29,20,23,32,12,24,5,2,34,20,23,37,6,30,5,18,29,9,18,21,11,41,11,25,17,13,17,3,6,C
52,63,24,57,4,51,26,40,48,28,13,12,4,17,20,22,37,22,24,6,2,22,20,23,37,17,30,6,13,23,9,23,26,22,41,6,24,16,8,22,9,22,C
39,79,11,67,17,50,39,28,55,16,11,16,0,18,17,24,34,24,22,11,11,23,16,29,33,24,33,11,17,23,0,29,22,29,39,16,28,12,17,18,0,23,C
58,62,30,57,3,51,25,40,47,28,14,11,3,23,20,23,31,17,24,5,3,28,20,23,36,17,30,0,8,28,14,23,26,17,41,5,24,17,3,23,9,18,C
41,72,13,61,20,44,37,26,48,9,8,9,2,30,14,30,31,19,19,4,8,31,14,25,31,14,29,9,19,25,4,19,20,13,35,15,25,8,13,14,4,13,C
32,79,4,62,19,45,35,23,46,11,10,11,9,29,7,29,24,23,21,11,10,29,8,29,29,18,31,11,20,23,7,23,19,17,37,17,21,11,4,17,12,12,C
47,61,19,55,9,49,31,38,43,27,8,10,2,30,19,25,31,19,19,4,3,30,15,25,31,14,30,4,8,25,9,24,20,13,41,10,24,13,8,19,9,19,C
40,67,18,50,5,33,26,16,32,10,18,1,7,30,1,52,4,69,24,1,1,24,21,7,26,10,29,5,2,18,15,6,20,10,24,16,7,6,10,1,15,10,D
39,70,11,58,16,40,28,18,33,7,6,6,6,28,6,55,6,73,17,1,6,28,22,10,22,7,23,7,6,22,16,5,16,7,28,12,12,10,10,5,16,7,D
45,74,18,63,10,40,32,23,38,12,29,0,18,34,12,57,12,79,29,0,1,28,27,11,32,12,29,6,4,23,21,5,26,12,23,12,1,11,16,5,21,12,D
50,72,27,60,1,38,23,26,34,15,28,2,16,37,11,59,5,82,32,2,6,30,28,8,34,14,27,4,6,20,23,7,28,15,22,15,1,8,18,2,23,15,D
31,76,3,59,19,42,36,19,31,7,3,7,3,27,9,60,9,83,19,7,8,32,19,10,24,8,25,7,9,27,13,4,19,8,31,13,19,10,3,4,14,8,D
35,85,7,62,15,44,37,17,38,5,18,0,13,35,13,58,13,80,24,5,7,29,26,12,27,10,24,10,7,24,16,7,21,10,24,17,7,7,10,6,20,10,D
41,62,19,56,3,39,25,22,36,11,30,1,19,35,8,57,3,75,30,1,3,24,25,7,31,11,25,5,3,18,20,6,25,11,24,16,2,7,15,1,25,11,D
51,60,28,49,1,38,21,26,32,15,23,8,12,36,1,59,5,76,28,7,10,25,22,2,32,15,29,2,5,19,21,2,21,15,28,10,1,8,16,4,21,15,D
30,78,2,61,20,43,31,21,26,4,3,15,15,7,4,42,9,64,13,10,2,24,4,47,14,64,24,15,13,19,4,1,15,10,30,21,19,2,7,2,10,10,D
39,82,16,65,11,42,33,20,39,8,17,2,16,37,11,60,11,83,28,2,6,32,27,9,28,13,28,8,5,26,22,4,22,13,28,19,6,9,11,4,22,8,D
30,86,3,63,14,40,36,17,42,0,20,6,25,34,25,57,25,79,25,6,8,28,25,17,31,6,25,12,3,23,20,11,26,6,19,18,8,6,14,5,25,6,D
20,72,2,55,24,37,30,15,24,4,2,9,2,30,8,53,13,71,9,4,3,25,13,8,19,4,20,9,14,19,2,8,13,9,31,15,25,7,9,2,3,3,D
39,78,16,60,11,38,33,21,39,10,22,2,22,36,17,59,17,82,28,4,0,30,28,13,33,10,28,10,0,24,22,7,28,10,22,21,5,7,17,2,22,10,D
40,60,23,48,1,31,21,14,27,14,24,3,13,31,6,48,4,65,24,3,4,20,21,9,32,8,23,3,4,15,21,3,21,9,18,14,1,3,15,2,21,9,D
43,68,21,51,1,34,24,17,30,11,26,5,15,34,9,51,1,68,26,0,2,23,24,11,29,6,26,6,2,17,19,5,24,11,21,17,1,5,18,0,23,11,D
17,76,0,58,16,35,28,13,33,1,22,7,22,22,22,44,22,61,22,7,6,22,17,15,28,2,22,13,5,21,17,15,22,2,17,19,5,9,11,9,22,2,D
16,78,1,55,17,32,29,9,34,3,22,9,22,25,22,43,27,65,27,9,10,25,17,14,29,3,22,9,5,19,17,14,23,3,16,15,5,8,12,8,23,3,D
50,63,22,51,0,35,22,23,33,12,27,5,11,34,0,56,6,73,27,5,6,23,22,5,28,12,27,1,6,17,22,5,22,12,22,12,0,5,17,1,22,12,D
41,69,19,52,4,35,26,18,31,12,24,4,13,33,7,56,3,73,24,1,4,27,21,10,26,7,24,6,3,16,20,5,21,12,24,13,2,5,15,1,20,12,D
50,70,27,58,0,41,22,24,34,13,28,4,22,38,16,61,11,78,28,1,6,27,28,5,33,12,27,7,6,21,23,4,28,13,17,13,6,10,22,1,23,13,D
5,68,21,51,32,23,16,6,21,23,16,5,21,23,21,23,21,23,1,11,1,34,4,17,1,0,17,11,18,29,12,12,12,6,29,17,29,12,23,6,18,6,E
6,66,17,43,28,15,0,9,5,9,16,8,28,26,16,8,11,3,0,3,11,37,6,9,0,3,11,2,12,37,6,8,6,3,28,9,28,20,22,3,17,9,E
5,68,12,45,29,22,11,11,0,6,17,11,28,28,23,6,18,5,5,0,6,40,11,12,1,5,16,6,11,40,5,12,5,5,33,10,27,23,16,11,16,5,E
9,67,20,44,31,21,8,10,8,10,14,12,25,29,25,7,20,4,2,1,3,41,8,13,3,4,8,2,14,36,8,13,8,5,30,10,30,18,20,1,19,16,E
4,73,16,45,31,21,4,10,7,5,15,12,26,24,21,7,21,1,7,1,9,41,9,13,4,4,18,10,13,40,7,13,7,5,30,10,29,18,18,7,18,10,E
17,71,6,48,28,26,11,9,5,3,11,14,33,25,27,8,17,3,6,14,17,42,12,14,0,3,22,8,6,42,0,14,11,3,33,3,22,31,17,14,22,3,E
2,62,15,45,27,22,9,11,2,5,15,6,26,23,21,6,16,0,2,1,9,35,10,12,1,5,18,5,12,40,7,12,7,5,29,5,24,23,18,11,18,5,E
8,69,19,47,31,24,8,12,9,18,14,10,25,27,14,10,14,1,3,1,8,39,8,11,3,1,14,7,14,39,8,16,3,1,30,12,26,22,19,10,14,7,E
0,64,16,46,27,18,5,12,11,18,16,11,27,28,22,5,16,6,1,5,5,39,10,11,0,6,17,6,12,39,6,16,6,1,29,6,28,22,17,11,17,6,E
4,74,21,46,32,23,27,17,5,0,16,11,22,11,21,28,21,39,1,11,4,40,5,17,6,11,17,11,13,40,12,17,12,11,34,6,29,23,23,6,24,6,E
4,66,13,44,29,26,18,15,13,4,13,8,19,36,24,8,24,4,4,3,7,42,7,13,2,4,15,4,15,36,9,13,10,9,32,4,26,25,21,8,21,9,E
14,64,8,47,25,25,8,13,8,8,14,1,31,21,25,4,19,2,8,7,14,38,14,10,3,2,19,2,8,38,3,15,8,2,31,2,24,27,14,10,19,2,E
7,73,18,45,29,16,2,5,10,16,13,12,24,29,24,6,18,0,4,1,7,35,7,12,2,5,15,0,10,35,4,12,9,5,27,11,26,23,15,7,15,5,E
5,71,12,48,28,26,17,9,5,8,12,8,28,25,28,19,17,3,5,3,6,37,11,14,6,3,21,9,16,37,5,19,5,3,33,9,27,20,21,14,16,3,E
1,72,20,54,32,27,21,9,4,4,15,9,26,30,26,13,15,2,1,9,4,42,9,19,4,2,18,9,19,41,7,19,7,2,35,15,35,19,24,13,18,4,E
6,76,18,54,34,25,12,8,0,0,18,8,23,31,23,31,23,3,1,8,1,43,7,20,6,3,16,14,16,37,10,20,10,3,32,14,32,20,21,9,21,8,E
10,66,7,44,28,26,7,10,0,4,12,2,28,24,23,7,17,4,5,4,12,36,11,13,1,4,16,4,10,36,5,13,5,4,32,4,22,24,16,8,16,4,E
1,70,18,47,29,24,7,8,4,7,17,10,29,27,23,4,23,7,10,2,7,39,7,15,1,2,21,7,15,39,5,15,5,2,32,7,27,21,21,5,21,8,E
5,67,12,45,29,22,7,10,10,16,12,7,29,24,23,1,18,5,5,1,7,41,12,12,1,5,16,5,10,41,5,18,5,4,32,5,27,24,16,12,16,5,E
8,67,9,45,25,22,9,11,3,5,14,6,26,24,25,6,19,5,8,5,14,35,9,12,3,5,19,5,8,40,3,12,8,0,30,5,25,24,14,12,14,0,E
12,85,10,68,31,51,37,28,26,11,15,22,21,0,21,6,21,12,1,17,4,23,4,41,4,63,13,17,13,17,12,35,12,57,29,23,29,1,29,18,24,34,F
7,77,14,65,31,48,31,26,20,14,15,15,20,3,20,8,20,14,2,14,3,20,2,42,2,60,13,15,13,14,13,36,13,54,25,25,24,2,24,14,24,31,F
39,69,12,63,11,52,22,29,16,12,5,18,17,1,22,5,22,10,6,12,6,16,17,33,27,51,23,12,6,16,5,33,11,50,39,17,28,5,17,22,11,34,F
29,72,7,66,15,55,26,37,15,21,9,26,21,2,15,31,21,47,7,21,4,13,15,36,20,53,19,21,7,13,3,31,9,48,35,21,24,2,18,14,8,30,F
15,86,7,64,24,47,30,24,13,18,13,18,18,1,19,5,24,11,1,18,2,21,7,39,2,62,15,18,10,16,9,38,9,56,26,23,21,4,21,16,20,33,F
13,87,10,70,26,53,32,30,21,13,15,24,21,3,21,9,21,15,1,19,4,21,4,43,1,66,13,19,12,15,12,38,12,60,29,25,24,3,24,20,24,33,F
20,75,3,69,19,51,25,29,19,12,13,18,19,1,19,5,19,11,3,12,8,16,13,34,14,56,15,12,9,16,3,34,2,51,31,18,26,5,20,17,20,33,F
17,93,6,77,28,54,33,31,22,14,16,25,22,3,22,14,22,15,0,20,5,20,6,43,11,71,17,20,11,15,11,43,11,65,33,25,33,3,28,20,28,37,F
7,88,9,71,31,48,31,25,20,9,15,20,20,3,20,9,20,15,3,20,3,20,2,43,2,65,13,20,13,14,13,37,13,55,30,26,24,3,25,15,24,32,F
5,74,7,58,24,41,29,23,18,12,13,18,18,0,18,5,18,16,1,13,1,16,1,34,1,56,10,17,10,11,10,33,10,50,21,18,21,0,21,16,21,27,F
20,68,3,62,19,46,30,28,24,17,8,17,18,6,19,0,24,6,4,12,2,17,7,34,8,51,15,11,9,17,4,34,3,51,31,17,20,6,20,17,15,34,F
18,69,0,58,21,46,27,24,16,18,10,18,21,0,21,10,21,11,1,12,5,16,5,33,10,51,12,12,7,16,6,33,1,50,29,18,23,0,23,16,18,28,F
1,88,16,66,28,43,33,20,22,3,16,20,21,3,22,8,22,14,1,15,1,20,1,37,6,60,12,20,17,14,17,36,17,54,23,26,23,3,23,14,28,31,F
10,81,11,64,28,47,33,19,22,7,12,19,17,4,17,10,17,16,0,18,1,16,5,38,1,61,16,19,11,15,11,33,11,55,28,25,22,2,22,15,22,32,F
5,80,7,63,24,46,29,23,18,7,12,17,18,5,18,10,18,16,1,12,1,17,1,39,1,56,10,17,10,16,10,33,10,50,27,23,21,1,21,16,21,28,F
11,82,11,70,27,53,33,30,22,14,16,20,22,2,22,9,22,15,1,19,6,21,11,43,11,66,17,19,17,15,12,38,12,61,34,25,28,4,28,21,28,38,F
21,77,1,71,23,54,29,37,23,20,12,25,7,14,12,32,13,49,4,20,6,14,7,37,12,54,16,20,5,14,4,31,1,48,32,25,21,3,16,14,10,31,F
21,87,1,75,23,53,29,30,22,13,12,24,23,4,23,9,23,15,0,19,6,21,12,38,17,61,16,19,11,15,10,38,5,61,38,25,32,4,27,21,22,38,F
4,77,13,66,30,48,35,25,24,14,18,20,19,3,19,9,19,15,2,19,2,20,2,43,4,65,14,20,14,15,14,37,15,55,26,25,26,3,25,15,25,31,F
16,85,6,67,28,45,29,22,22,11,12,22,17,1,22,12,22,17,0,17,6,17,6,40,6,63,16,17,11,12,11,35,11,57,27,23,27,1,27,17,22,34,F
44,18,27,4,11,16,12,16,17,10,27,21,12,21,34,21,56,21,27,4,17,4,11,4,0,4,22,13,12,13,6,7,5,7,16,30,11,24,6,24,5,24,G
57,20,41,2,13,14,9,14,20,8,13,20,21,20,42,19,59,14,18,8,20,3,9,3,2,3,14,9,14,9,3,9,8,9,13,25,4,20,2,20,8,20,G
50,26,34,4,17,14,5,19,16,8,22,19,16,24,33,25,55,25,17,2,16,7,5,2,6,2,12,15,16,9,5,9,6,10,11,27,11,21,5,21,6,21,G
53,21,36,2,13,14,9,19,20,13,19,24,25,19,42,19,59,19,19,7,20,2,8,2,3,7,19,15,14,9,3,9,8,9,14,27,9,21,3,21,8,21,G
54,19,37,1,15,15,7,15,18,4,15,21,23,21,40,16,57,15,15,4,18,4,7,4,4,4,15,8,13,7,2,7,4,7,15,24,7,24,2,19,9,19,G
46,30,35,7,18,10,4,15,15,10,23,21,15,26,32,27,54,32,18,4,15,9,4,4,2,4,13,13,15,7,4,8,7,13,7,30,15,19,4,24,2,24,G
58,23,42,0,14,17,8,17,24,12,20,23,24,23,42,23,64,23,19,6,19,6,8,6,3,6,15,16,14,11,3,11,9,11,14,33,8,23,2,22,9,23,G
50,26,33,3,16,14,6,14,17,13,22,19,17,25,34,25,50,30,17,2,17,8,6,2,5,2,16,15,16,9,5,9,6,10,11,27,11,21,5,21,5,26,G
50,25,34,3,16,14,6,15,17,9,22,20,17,20,39,25,55,26,17,3,17,3,6,3,5,3,16,14,12,8,5,8,6,9,11,26,11,20,0,20,5,20,G
55,13,38,4,10,16,12,15,18,5,11,22,23,16,40,16,57,10,16,5,18,4,7,4,4,5,16,7,12,12,1,7,5,7,16,24,6,24,1,19,10,19,G
59,13,38,4,10,15,7,15,23,10,15,26,24,21,41,15,57,15,15,9,18,4,7,4,4,4,15,8,13,8,2,8,9,8,15,25,7,24,4,24,10,24,G
50,24,28,1,11,16,16,11,16,5,22,27,17,27,39,27,61,22,27,10,17,5,6,1,0,5,23,12,16,12,5,12,6,12,22,29,6,24,0,24,6,24,G
60,21,43,2,15,18,7,19,24,13,20,25,24,24,46,19,68,19,15,7,19,2,7,2,4,2,15,10,13,10,2,10,9,10,15,27,7,26,1,26,9,26,G
51,23,34,0,12,18,15,12,27,12,23,29,16,24,38,24,60,23,24,7,16,6,10,1,1,6,24,11,15,11,5,11,6,11,18,28,10,28,4,27,6,28,G
49,21,32,1,10,19,12,13,23,13,21,30,18,24,40,24,62,19,27,13,18,2,7,2,1,7,26,10,12,10,6,10,5,10,21,27,7,27,1,27,5,27,G
44,20,27,3,11,14,12,8,17,8,17,25,17,25,39,25,56,19,22,8,17,3,6,2,5,3,22,9,12,9,6,9,5,9,16,21,6,21,1,21,5,21,G
48,21,31,1,9,18,24,18,13,7,26,24,13,24,35,24,58,18,26,2,13,1,8,1,2,7,26,16,13,10,7,10,4,10,20,27,8,27,7,22,3,22,G
43,15,27,8,10,19,24,19,13,8,26,20,13,20,35,25,57,19,27,2,13,2,7,2,1,8,26,15,12,14,7,9,4,9,21,31,7,26,2,21,4,21,G
52,20,31,2,13,14,14,14,20,8,19,20,20,20,37,20,54,20,19,3,19,3,8,3,3,3,14,9,14,9,3,9,8,9,14,26,9,20,3,20,8,20,G
53,23,36,0,14,17,8,17,19,11,19,23,20,23,41,23,58,23,15,0,19,6,8,5,3,6,14,12,14,6,3,6,8,11,14,28,8,23,2,23,8,23,G
52,28,40,6,18,11,7,1,4,0,18,17,15,23,32,23,48,28,13,0,21,11,43,12,59,17,13,11,5,6,7,11,13,11,13,28,2,22,7,17,13,17,H
0,0,0,0,0,0,0,0,0,0,29,13,5,19,21,19,38,19,29,1,5,7,32,7,49,8,29,15,6,9,17,9,54,7,29,22,18,21,17,16,23,15,H
54,20,42,3,15,8,4,8,7,3,15,20,18,20,35,20,51,20,10,8,18,9,40,8,57,9,15,3,7,8,4,8,10,8,15,19,4,20,10,20,15,20,H
60,7,38,5,11,10,5,5,6,6,11,22,22,17,39,16,51,11,16,11,18,5,40,0,56,1,16,1,6,12,5,12,11,7,17,12,5,23,11,23,17,18,H
60,22,39,0,16,12,6,12,17,12,21,18,17,23,34,23,51,23,22,1,17,6,40,7,62,12,22,11,6,11,0,5,11,10,22,28,5,22,5,22,16,22,H
61,15,38,2,16,13,6,8,6,4,16,24,17,19,39,19,56,13,17,8,17,7,40,2,61,2,22,4,6,10,5,10,16,9,22,21,5,21,11,21,17,21,H
40,25,28,3,17,3,1,3,0,0,22,9,11,20,27,20,44,25,17,3,16,8,38,9,55,14,12,19,5,3,6,3,12,3,12,25,0,14,6,14,12,14,H
60,12,39,5,11,11,6,11,6,0,16,23,18,22,40,17,56,17,16,6,12,6,40,6,62,6,16,6,6,11,5,11,11,11,21,23,5,23,11,22,16,22,H
57,10,35,1,7,7,2,7,5,10,7,24,26,18,44,13,60,7,12,13,21,12,38,12,7,1,13,1,10,10,1,10,12,10,17,15,1,21,7,21,17,21,H
58,11,36,6,13,17,4,6,4,5,19,23,20,17,37,12,54,6,19,11,20,5,43,5,64,6,19,0,4,6,7,6,13,5,24,17,7,17,13,17,18,12,H
51,21,35,1,17,7,1,7,0,0,18,18,16,18,38,18,54,13,17,1,21,6,43,1,60,1,17,10,5,5,7,5,17,5,17,22,1,11,7,10,18,16,H
50,34,34,11,22,11,1,6,0,0,22,17,11,23,33,29,50,34,17,0,17,11,44,17,61,23,16,17,11,6,5,6,12,11,12,28,0,23,5,17,11,22,H
57,22,41,1,24,12,2,7,1,1,18,12,15,13,37,18,54,18,12,4,21,6,43,6,59,6,12,16,9,4,7,4,18,5,13,22,1,10,7,10,18,11,H
58,22,41,10,13,1,8,1,3,5,13,18,15,18,36,18,53,18,13,12,20,7,42,7,54,7,13,1,8,5,3,10,13,10,13,10,2,16,8,21,14,16,H
59,35,42,7,26,11,3,16,7,1,20,16,13,27,30,28,47,33,15,1,19,11,41,16,58,22,15,18,8,7,3,12,9,12,15,30,2,23,4,23,9,24,H
57,14,40,4,13,15,7,9,4,2,12,21,21,20,38,15,54,15,13,9,20,9,43,3,60,3,13,8,4,8,7,8,13,8,18,20,7,20,8,19,18,19,H
57,13,40,2,12,4,7,4,4,7,12,21,20,16,37,15,49,10,12,15,21,4,38,4,54,2,13,3,9,8,2,8,13,8,13,7,2,19,12,19,18,19,H
54,12,32,1,9,5,9,4,0,0,9,21,18,16,35,10,51,10,10,10,18,5,35,4,52,1,15,1,7,7,4,7,10,2,16,13,4,18,10,18,15,13,H
55,19,39,2,16,9,0,9,6,2,11,15,16,20,33,20,50,20,11,4,16,9,39,9,55,9,12,8,6,8,5,8,11,8,17,25,5,24,11,19,16,19,H
56,26,40,3,23,9,1,14,16,14,17,14,16,20,33,20,44,25,17,3,16,8,38,9,55,14,12,14,5,8,6,8,12,9,12,31,1,20,6,20,12,20,H
28,63,6,51,16,35,21,12,28,5,11,23,16,12,22,1,27,10,6,12,10,5,6,5,10,5,17,6,6,11,1,11,11,1,28,5,23,28,17,50,17,67,I
1,69,15,47,27,24,21,1,1,4,26,18,27,10,16,4,0,0,10,12,10,10,1,10,1,1,7,7,7,11,12,11,0,0,18,6,29,22,29,39,40,56,I
15,63,7,40,29,6,13,17,15,28,0,0,29,34,1,28,0,0,0,0,4,22,9,6,0,0,0,0,4,11,9,0,4,17,0,0,0,0,9,6,4,17,I
20,64,2,43,24,20,24,4,4,15,19,8,30,15,0,0,0,0,8,8,13,20,8,26,0,0,14,2,9,26,9,32,9,19,31,3,26,15,0,0,0,0,I
1,79,22,56,34,28,23,5,1,0,23,22,34,6,17,1,44,58,17,16,12,6,1,6,5,12,5,11,5,12,0,0,0,0,21,10,28,18,33,35,44,57,I
13,72,4,60,27,37,27,14,4,3,26,26,0,0,18,42,18,59,15,20,10,2,10,2,0,0,1,15,2,8,0,0,0,0,13,4,18,25,18,42,18,59,I
18,62,1,45,22,27,16,5,12,5,16,1,27,18,10,1,32,24,4,1,10,24,5,7,6,5,12,6,12,18,7,13,0,0,29,1,29,35,0,0,0,0,I
10,73,12,51,29,28,24,1,1,12,0,0,29,12,0,0,37,74,0,0,12,12,0,0,0,0,0,0,0,0,0,0,0,0,26,1,27,35,0,0,0,0,I
7,74,15,57,31,34,26,11,3,0,31,22,31,0,24,40,30,62,15,17,14,5,4,6,0,0,2,17,3,11,0,0,0,0,19,12,24,23,24,40,30,57,I
25,52,3,46,15,35,14,18,8,12,14,18,20,12,26,0,31,11,2,12,9,5,14,11,15,16,13,1,8,11,3,11,0,0,25,5,19,28,19,45,14,62,I
0,0,0,0,0,0,0,0,0,0,0,0,0,0,0,0,0,0,0,0,0,0,0,0,0,0,0,0,0,0,0,0,0,0,0,0,0,0,0,0,0,0,I
15,76,7,59,30,36,24,13,1,8,34,19,30,4,19,8,26,66,13,8,13,9,7,2,0,0,9,2,4,10,10,8,0,0,21,2,26,26,26,44,26,66,I
18,61,4,49,22,32,21,10,1,4,21,15,27,2,16,4,27,7,5,10,10,8,5,2,1,4,7,4,7,13,7,7,12,4,23,2,23,30,23,47,28,64,I
17,81,5,64,27,41,27,18,33,4,16,29,27,7,18,44,23,67,4,19,15,1,10,1,0,0,7,7,6,10,0,0,0,0,23,2,23,27,18,44,23,62,I
14,68,3,56,25,33,25,5,31,12,14,22,0,0,0,0,14,57,3,16,3,6,0,0,0,0,8,10,3,12,0,0,0,0,20,5,14,23,14,40,14,57,I
18,57,4,45,21,28,21,5,32,17,0,0,21,17,0,0,35,74,1,12,9,11,9,12,15,17,13,0,0,0,0,0,0,0,24,6,29,39,0,0,0,0,I
12,81,10,58,27,35,27,7,5,2,21,24,32,4,13,38,17,61,5,18,10,4,1,8,0,0,6,13,6,10,0,0,0,0,18,7,17,21,17,38,17,60,I
4,81,18,59,35,36,29,13,1,7,29,19,35,9,29,7,44,66,12,8,17,10,12,3,1,8,5,2,5,15,10,2,0,0,22,2,32,26,38,44,44,66,I
24,59,2,48,16,36,15,14,7,9,15,14,21,8,26,3,32,14,1,14,10,9,10,14,15,20,12,3,7,9,0,0,0,0,29,2,24,26,23,43,23,60,I
12,78,11,56,33,38,27,10,0,4,22,27,33,1,33,1,39,64,10,16,16,7,11,7,11,7,6,10,6,13,6,7,0,0,23,4,28,24,34,46,39,64,I
39,61,38,32,38,2,16,13,6,25,38,8,0,25,0,14,5,8,21,9,12,14,11,8,1,3,5,20,18,8,18,2,0,0,11,27,29,4,45,8,56,19,J
46,51,41,23,30,5,13,11,4,16,30,11,3,22,3,11,2,5,19,1,9,11,14,5,9,6,8,12,15,5,26,0,0,0,3,23,26,6,37,0,48,6,J
34,62,34,33,34,1,18,13,0,0,35,7,1,24,17,18,1,24,23,10,15,18,10,12,1,1,7,27,21,12,21,2,0,0,10,33,32,4,44,7,60,19,J
41,31,35,14,24,9,8,14,4,20,24,14,4,21,2,20,2,9,13,3,10,15,9,3,2,2,7,8,15,2,15,8,9,14,2,19,20,14,32,14,48,14,J
36,52,36,29,30,6,14,11,0,0,30,5,19,11,8,17,3,22,19,6,3,11,9,11,20,6,8,17,14,6,20,5,25,5,8,23,25,6,36,5,48,11,J
39,58,38,30,38,4,21,16,0,0,38,10,0,27,1,16,5,10,22,7,12,16,12,10,6,1,5,18,22,5,23,1,0,0,6,29,28,6,45,5,56,16,J
48,49,42,21,31,3,15,14,7,19,31,14,2,25,3,14,4,8,20,2,13,14,13,8,2,3,9,9,19,2,19,4,18,9,2,21,29,9,41,9,57,3,J
48,49,37,21,31,8,9,13,8,19,31,13,3,19,2,13,3,7,20,4,13,13,13,7,2,1,9,15,18,2,19,4,0,0,2,27,24,10,40,4,52,2,J
48,38,37,10,25,13,2,18,13,13,31,23,8,24,7,13,2,6,25,6,13,13,13,1,2,1,20,11,19,1,19,10,0,0,9,27,19,16,36,11,52,10,J
54,39,43,10,27,13,5,13,12,19,27,18,7,19,1,13,4,8,21,1,13,8,12,2,1,4,10,15,18,1,18,9,0,0,4,27,24,15,40,10,56,4,J
42,61,37,28,32,1,14,12,8,18,37,12,3,24,7,18,3,7,25,4,13,18,13,6,2,1,9,16,19,6,30,1,0,0,2,28,24,10,41,1,52,7,J
52,54,42,25,31,9,8,14,4,15,36,14,3,21,3,14,2,3,20,3,14,14,14,3,3,3,8,14,19,3,31,3,0,0,3,31,25,8,42,3,53,9,J
52,47,42,18,36,10,19,16,19,5,30,11,3,22,3,11,8,5,19,1,14,16,9,5,3,6,8,18,20,4,20,7,0,0,3,24,31,7,42,1,59,5,J
48,51,37,22,31,7,9,12,7,18,31,12,2,23,2,12,3,6,20,5,13,12,13,6,2,0,9,17,18,6,19,0,0,0,2,28,24,10,41,0,52,6,J
41,44,31,21,30,7,13,13,4,19,30,7,14,13,3,18,3,19,19,4,3,7,14,7,14,7,8,15,14,4,25,1,25,4,3,26,20,10,31,4,47,2,J
60,39,43,17,21,11,1,11,12,5,27,23,12,22,6,12,1,6,21,6,13,11,12,5,1,0,16,6,18,5,17,6,0,0,5,23,18,12,35,11,51,11,J
39,66,44,33,39,1,23,13,11,13,39,2,0,30,5,19,11,7,22,10,16,19,11,8,0,1,1,21,22,2,17,1,11,10,11,27,33,4,45,13,61,24,J
43,52,43,24,33,5,16,16,6,22,33,10,1,22,1,17,1,11,21,6,12,11,12,5,6,1,5,18,18,4,23,1,0,0,6,29,29,7,40,1,56,10,J
48,53,42,25,36,9,9,20,8,15,36,15,3,26,2,15,3,9,20,2,14,15,14,4,2,2,9,19,19,2,19,7,0,0,2,31,30,8,42,3,58,10,J
51,34,45,11,28,17,6,17,11,6,28,22,10,23,5,17,1,6,23,0,16,11,16,0,5,5,17,12,21,5,16,11,0,0,6,28,22,12,39,11,55,6,J
6,72,5,54,11,32,5,9,0,13,10,14,16,14,21,36,22,53,5,9,11,19,12,42,17,60,5,20,6,8,0,0,0,0,5,26,6,4,6,3,23,9,K
0,0,0,0,8,37,0,0,0,0,8,20,20,8,30,30,36,47,3,21,8,14,9,37,9,59,3,26,20,20,0,0,0,0,0,0,26,31,26,43,0,0,K
10,85,21,57,21,28,10,6,4,34,20,5,31,29,32,52,37,74,10,11,7,29,18,57,24,79,12,22,18,11,7,34,24,80,29,45,29,33,18,51,7,62,K
6,77,12,54,17,21,11,2,11,42,11,2,28,31,33,53,34,71,6,3,5,36,11,59,16,82,11,15,17,3,11,26,6,43,28,32,28,20,22,37,12,49,K
6,60,5,48,16,20,10,8,10,36,21,3,32,36,1,65,49,76,10,2,1,36,0,0,0,0,7,9,13,3,12,20,7,32,23,20,29,9,24,26,18,38,K
0,0,0,0,0,0,0,0,0,0,0,0,17,17,11,6,6,29,0,0,0,0,0,0,0,0,0,0,0,0,0,0,0,0,0,0,17,11,22,11,33,1,K
17,71,23,42,24,14,17,26,12,54,17,15,5,48,10,71,21,94,7,3,5,15,0,0,0,0,5,8,10,4,1,25,6,42,22,31,21,19,10,36,5,48,K
1,65,7,48,12,25,12,2,12,32,12,2,24,32,34,49,40,66,1,8,4,32,5,55,10,77,10,14,11,2,10,25,5,36,27,31,26,19,21,36,16,47,K
11,64,22,42,22,13,11,15,6,37,16,9,0,38,6,61,12,83,16,3,0,32,0,0,0,0,0,13,11,4,6,19,0,36,17,25,22,13,16,30,6,42,K
2,78,10,55,20,26,10,7,9,30,20,2,31,31,37,53,42,70,9,9,2,31,2,59,7,81,13,15,13,1,13,26,8,38,35,32,30,15,24,37,19,49,K
1,77,10,49,16,20,16,8,10,31,15,3,26,26,27,43,32,65,1,9,1,20,7,31,13,48,18,15,18,14,12,37,0,0,34,26,34,26,23,42,16,31,K
7,59,0,0,0,0,0,0,0,0,18,4,2,38,1,61,4,83,12,7,7,16,30,50,0,0,4,13,10,1,4,24,7,41,21,24,21,13,15,30,4,41,K
8,61,4,38,10,15,20,13,15,30,14,4,25,24,31,42,37,59,1,9,3,19,3,41,3,58,13,10,14,4,13,21,8,33,30,21,30,10,24,27,19,38,K
1,67,10,49,16,21,10,4,10,35,15,4,26,25,32,47,38,64,4,9,1,30,1,58,6,76,12,10,17,1,12,21,7,38,28,27,29,15,23,32,18,44,K
4,62,10,45,16,22,10,1,10,24,16,1,26,24,32,46,33,63,5,5,6,29,7,52,12,75,12,11,12,5,12,17,6,39,24,27,29,22,23,33,12,44,K
4,74,1,56,7,34,1,11,1,11,7,11,17,12,23,34,23,51,6,16,16,17,16,40,26,62,1,22,10,0,0,0,0,0,1,28,22,22,10,6,23,52,K
1,59,5,53,11,25,16,14,16,26,16,2,1,32,1,54,6,72,11,8,22,31,33,48,38,60,11,14,17,2,12,20,6,36,29,25,28,13,23,25,17,42,K
9,70,2,58,8,35,2,12,2,10,7,12,14,16,19,33,25,50,2,12,14,21,15,44,20,61,2,18,9,4,0,0,0,0,2,24,4,7,9,7,0,0,K
0,0,0,0,0,0,0,0,0,0,0,25,5,4,0,26,0,44,0,30,0,0,0,0,0,0,0,0,17,31,0,0,0,0,0,0,0,0,28,9,0,0,K
4,73,7,51,13,22,13,0,13,29,18,5,24,29,35,46,40,63,7,5,4,34,4,57,4,75,10,11,15,0,10,17,5,33,27,28,32,16,26,28,15,45,K
13,62,4,50,31,33,53,16,71,0,15,5,26,35,26,57,31,75,7,5,4,23,7,6,7,11,18,5,18,23,19,1,18,16,35,10,35,12,35,5,35,22,L
8,57,9,45,31,28,48,11,70,6,14,0,20,34,20,51,20,74,3,1,2,22,8,0,8,11,14,5,19,17,19,0,19,17,30,6,36,6,36,11,30,23,L
6,60,11,48,33,31,50,9,72,8,16,3,21,36,16,54,16,76,1,3,1,20,7,3,6,14,17,3,23,15,23,3,17,20,28,3,39,3,34,9,29,25,L
2,59,10,46,31,24,48,7,70,10,15,1,15,33,15,50,15,72,2,7,2,21,7,5,7,7,13,13,18,15,18,1,13,13,29,18,35,4,30,7,24,24,L
15,60,7,49,34,31,52,14,74,3,13,3,24,37,29,59,29,77,4,3,1,25,4,2,4,14,21,8,16,20,21,3,21,20,37,9,37,8,32,9,32,25,L
13,54,9,42,31,30,48,8,70,4,14,8,25,32,25,54,25,72,3,8,2,26,7,4,7,8,19,8,19,20,19,3,19,19,30,13,35,9,30,8,30,19,L
17,54,6,47,28,30,50,13,72,2,11,7,23,32,28,49,33,72,5,2,1,21,5,4,5,8,22,7,16,21,21,2,22,14,38,8,33,9,33,7,33,19,L
19,56,4,50,26,33,48,16,70,4,14,5,25,35,31,57,31,75,7,5,3,24,2,1,7,10,19,4,14,23,19,1,19,16,36,10,35,12,35,5,35,16,L
2,67,14,49,36,27,53,9,75,13,19,2,19,36,14,59,14,81,2,4,3,19,8,2,8,10,14,9,25,18,24,4,14,21,30,10,36,2,36,15,25,27,L
19,57,4,46,31,34,53,12,70,5,14,5,25,34,26,57,31,80,3,0,3,23,2,0,7,11,19,0,18,23,19,5,19,17,41,11,36,6,35,11,35,22,L
11,55,6,44,28,27,45,10,67,2,12,5,22,30,23,53,28,75,5,4,1,24,5,2,5,9,22,9,16,19,16,1,16,15,38,10,33,7,33,9,28,16,L
6,57,10,46,33,29,50,6,72,6,16,6,21,34,16,51,21,74,1,6,1,22,6,5,6,12,17,6,18,17,22,1,17,23,28,6,34,5,34,12,29,23,L
12,55,9,44,26,27,48,10,70,2,15,5,21,30,21,52,21,69,2,5,1,24,7,2,7,10,18,5,18,18,18,1,18,16,29,10,30,7,29,5,29,16,L
4,57,12,45,29,23,46,6,68,6,13,0,18,34,18,51,13,73,4,6,4,22,5,5,5,11,15,6,21,17,21,0,15,17,27,17,32,5,32,11,27,18,L
3,57,13,46,30,28,47,6,69,6,13,0,14,34,14,51,13,68,3,6,3,17,9,5,8,7,14,6,20,16,20,1,14,18,26,6,36,5,31,12,26,23,L
8,55,9,43,31,26,48,9,70,3,14,3,20,31,20,48,20,70,2,4,2,19,7,2,8,9,13,3,19,14,19,3,19,20,25,4,30,3,30,9,30,20,L
10,52,6,40,28,29,45,11,67,5,12,6,22,28,17,51,17,68,0,6,0,22,5,5,5,6,16,6,16,17,17,0,16,12,28,12,33,6,33,6,28,17,L
11,54,6,43,28,26,45,9,67,3,12,8,22,26,23,48,23,71,5,9,0,20,5,3,5,8,17,9,16,20,16,3,16,14,33,9,33,8,33,3,28,15,L
12,54,5,43,27,26,44,14,61,3,11,9,22,31,27,48,27,70,6,9,5,20,6,3,6,9,17,8,12,20,17,2,17,14,33,9,33,8,34,3,28,15,L
6,55,10,44,28,27,49,10,66,7,16,4,16,30,16,52,16,70,1,4,1,19,6,2,6,10,17,4,17,18,18,4,17,21,28,4,34,7,34,10,28,21,L
11,47,5,29,22,12,0,0,0,0,17,4,22,22,22,1,17,13,6,21,11,27,11,5,11,18,0,0,11,28,6,5,5,12,27,1,28,5,23,4,17,1,M
19,56,3,38,25,10,24,2,0,0,14,7,25,24,20,7,19,4,2,13,8,30,8,7,8,9,14,2,9,25,3,2,3,10,30,1,26,7,20,4,14,15,M
30,40,8,34,8,18,0,0,0,0,20,0,31,11,25,6,14,18,3,16,20,22,14,1,8,12,13,22,3,33,3,5,8,6,30,17,19,11,14,1,19,12,M
16,46,1,30,23,13,23,7,0,0,17,5,24,21,23,1,18,13,4,16,12,27,12,1,7,13,16,10,10,33,5,4,4,12,33,10,27,10,21,1,16,13,M
8,42,8,30,19,13,19,2,19,13,14,4,20,26,20,2,19,13,3,9,8,32,8,4,8,8,19,9,9,37,8,4,8,7,31,4,31,9,20,2,20,8,M
22,13,0,2,22,15,0,0,0,0,0,0,0,0,0,0,0,0,0,0,0,0,0,0,0,0,0,0,0,0,0,0,0,0,0,0,0,0,0,0,0,0,M
12,59,9,36,26,8,26,3,0,0,15,9,26,32,26,9,21,8,2,20,9,37,10,4,9,8,24,9,13,32,7,3,7,8,35,2,35,4,24,8,18,25,M
19,52,2,36,21,13,20,4,20,15,15,4,26,21,21,4,20,7,2,10,10,27,9,4,9,13,19,5,7,27,2,4,7,8,35,4,30,9,19,2,19,13,M
16,64,6,41,23,13,23,5,23,27,17,5,23,27,23,10,18,1,5,5,11,33,11,5,6,7,22,5,11,33,5,4,5,12,33,1,33,4,21,7,16,19,M
17,56,5,39,22,11,22,6,22,23,16,6,22,23,22,12,16,1,6,11,11,29,10,6,5,6,22,6,11,24,6,0,6,11,34,0,33,6,17,11,17,22,M
22,53,0,37,18,14,23,4,28,20,17,3,23,21,22,9,17,2,5,9,17,26,12,4,6,8,21,9,5,26,5,2,5,13,33,4,33,9,21,8,22,19,M
30,48,7,31,15,14,20,3,21,15,14,3,25,20,20,3,14,8,2,3,14,26,9,3,4,8,13,4,2,26,2,3,7,9,30,3,25,9,18,3,18,14,M
31,46,9,35,19,18,24,1,0,0,19,5,30,16,24,1,18,12,3,11,19,27,13,4,7,7,20,16,2,33,3,5,9,6,32,10,20,5,20,1,20,18,M
28,45,6,33,0,0,0,0,0,0,17,11,22,11,23,5,28,12,5,6,17,17,11,0,0,0,11,6,6,23,1,1,0,0,23,6,27,11,11,17,11,17,M
26,53,4,36,18,14,23,4,24,16,13,1,24,20,18,9,13,2,4,4,13,26,7,4,7,7,15,4,4,26,4,4,4,8,31,4,26,9,20,2,16,13,M
10,66,8,38,29,10,24,7,29,15,18,8,29,36,24,7,24,10,2,30,7,41,8,7,7,10,27,2,20,36,9,2,9,10,43,4,43,2,26,4,21,21,M
37,40,9,29,14,18,0,0,0,0,19,1,30,11,24,1,13,12,3,1,24,22,13,5,2,12,9,10,7,33,2,5,4,12,26,16,25,17,15,5,20,6,M
32,39,9,33,18,17,23,5,0,0,18,0,30,12,24,0,13,11,2,1,19,23,13,1,2,11,10,12,2,29,1,6,9,11,27,17,26,18,20,6,21,11,M
9,44,7,33,24,10,24,4,0,0,18,7,24,24,24,1,19,15,2,18,8,29,8,1,13,15,15,12,15,29,4,2,3,10,31,1,31,7,25,1,20,4,M
29,51,6,39,21,16,26,4,0,0,16,7,32,24,27,1,21,10,1,7,16,35,15,1,5,10,18,12,1,35,1,1,7,10,34,7,34,12,18,1,23,16,M
18,51,4,33,21,11,21,6,21,16,15,17,26,29,26,7,21,10,13,18,10,40,15,12,10,10,29,17,7,17,2,5,2,17,40,12,23,7,18,11,18,22,N
17,45,5,29,22,11,16,5,5,0,16,6,27,22,16,11,16,0,1,6,16,29,11,5,5,5,17,6,6,6,1,5,6,11,29,6,23,6,17,6,18,11,N
31,49,9,32,18,20,24,2,25,14,0,0,25,14,0,0,0,0,0,0,0,0,8,8,19,25,0,0,9,8,9,8,0,0,26,2,26,9,0,0,0,0,N
24,41,2,30,20,18,26,5,20,21,0,0,31,11,15,5,15,6,3,1,15,27,9,5,4,6,13,5,2,10,7,5,8,7,24,5,24,11,24,1,24,6,N
21,43,1,26,18,20,23,9,0,0,12,9,28,9,28,9,28,14,1,14,7,3,12,14,17,25,11,14,10,2,5,14,10,25,27,20,22,3,27,14,27,20,N
20,40,7,22,29,6,29,6,0,0,0,0,35,29,0,0,0,0,0,0,12,23,0,0,0,0,20,23,7,17,1,17,1,34,32,18,15,17,15,5,15,16,N
18,57,5,34,27,11,27,5,21,12,15,6,32,23,16,12,10,6,1,11,10,34,10,5,4,6,18,6,7,6,7,0,7,11,34,6,29,6,23,11,24,12,N
28,60,0,38,28,21,28,2,33,30,0,0,27,30,22,13,0,0,0,0,22,30,6,13,0,0,17,8,0,0,6,4,0,0,34,13,22,2,28,15,28,10,N
25,47,3,35,25,18,31,11,25,33,0,0,36,17,19,16,0,0,0,0,0,0,14,4,0,0,0,0,3,11,8,12,14,1,31,11,20,11,25,6,20,6,N
31,38,36,20,30,3,25,8,20,19,30,15,8,8,14,19,19,19,14,27,8,2,14,19,14,30,3,27,20,4,26,13,31,19,14,27,25,15,36,3,36,8,N
0,0,0,0,0,0,0,0,0,0,0,0,0,0,0,0,0,0,0,0,0,0,0,0,0,0,0,0,0,0,0,0,0,0,0,0,0,0,0,0,0,0,N
20,49,2,31,18,14,24,9,30,8,13,14,24,31,25,9,25,3,9,19,8,42,13,14,8,3,26,14,9,14,4,9,9,31,42,14,25,9,20,9,20,20,N
0,0,0,0,0,0,0,0,0,0,0,0,0,0,0,0,0,0,0,0,0,0,0,0,0,0,0,0,0,0,0,0,0,0,0,0,0,0,0,0,0,0,N
26,44,3,32,24,16,25,10,0,0,19,2,36,13,24,4,13,9,8,13,24,30,8,4,2,9,9,19,4,19,9,4,14,4,26,19,25,19,25,1,26,4,N
32,48,4,37,24,15,30,3,36,20,0,0,36,20,19,19,0,0,0,0,0,0,8,3,0,0,0,0,9,20,14,9,0,0,0,0,31,20,31,3,32,4,N
37,44,9,32,18,16,24,2,30,13,13,4,30,13,24,7,0,0,2,1,19,19,13,7,2,4,9,1,3,13,4,1,9,10,26,7,20,18,20,2,25,4,N
31,39,3,33,19,16,25,5,20,13,19,4,35,12,19,6,14,5,3,1,20,24,14,12,3,10,9,7,3,13,8,1,14,10,25,12,25,18,25,6,26,5,N
36,44,14,33,9,26,19,10,30,2,9,10,19,10,25,1,30,7,3,10,9,1,14,13,25,19,14,9,8,7,2,19,3,25,30,8,25,13,25,2,25,19,N
19,46,3,29,25,12,25,1,0,0,0,0,30,22,14,11,14,1,3,5,19,34,8,5,8,1,14,5,3,11,3,5,3,7,31,0,25,5,25,0,15,7,N
5,55,12,33,24,9,18,13,7,36,12,2,23,19,12,13,12,2,1,1,7,30,7,8,7,4,10,4,5,8,5,2,4,15,26,10,27,2,21,1,21,10,N
42,54,14,43,8,31,25,19,25,8,31,9,3,26,14,9,19,3,31,9,3,31,19,14,25,8,31,3,2,26,19,9,19,8,25,3,3,15,8,9,14,3,O
48,61,21,49,2,37,24,20,29,9,37,8,4,26,24,25,19,9,37,8,4,37,24,20,29,9,32,2,4,36,23,19,24,9,26,4,4,19,13,8,19,8,O
17,61,1,43,11,26,22,9,27,3,23,4,12,19,5,19,16,2,28,4,12,25,11,19,22,2,23,4,12,19,10,19,16,2,17,10,6,13,5,13,16,2,O
32,61,10,44,7,27,23,15,29,5,32,7,10,30,17,19,18,4,32,2,10,30,18,19,29,4,32,4,5,24,17,13,18,4,21,10,5,13,12,7,18,4,O
10,77,20,48,21,25,26,3,21,14,18,14,18,14,2,20,15,4,24,14,24,20,2,26,15,14,23,14,18,20,4,20,20,9,13,14,12,9,4,14,16,9,O
14,87,30,53,31,25,31,3,20,15,14,19,20,14,8,21,14,15,20,19,30,20,8,26,9,20,19,19,25,20,2,21,15,15,14,19,14,9,3,15,14,15,O
55,59,21,48,6,36,23,25,28,13,27,9,5,32,23,15,18,3,32,9,1,37,23,15,23,8,32,3,1,32,18,10,18,8,27,3,5,20,12,9,17,3,O
62,37,34,37,6,26,11,26,22,21,22,24,11,31,27,8,22,9,23,19,11,31,27,8,22,15,28,14,5,30,17,2,16,10,28,2,1,14,11,2,16,9,O
35,54,18,43,4,26,16,14,26,8,29,8,7,20,15,14,16,3,29,8,2,26,15,14,21,3,24,3,2,25,15,14,21,3,18,3,1,14,15,8,20,3,O
41,65,13,53,9,36,25,14,25,2,19,2,13,31,14,20,20,2,31,3,8,32,20,20,25,2,30,2,8,32,14,15,20,2,25,8,8,20,9,14,15,2,O
36,57,19,46,3,29,19,17,26,11,30,6,8,23,14,17,20,0,30,6,3,28,19,17,26,6,30,0,2,23,15,12,20,1,19,6,3,16,14,11,20,1,O
46,55,19,44,4,32,25,20,31,4,30,8,3,25,14,19,20,4,31,8,2,31,20,13,26,9,30,2,2,30,20,13,20,9,25,4,3,19,9,8,15,4,O
41,72,14,50,9,32,25,15,25,4,19,4,3,30,19,19,20,2,30,2,2,30,20,18,25,3,30,4,8,30,14,13,15,1,25,9,14,19,3,13,14,2,O
42,64,15,52,8,30,24,18,30,7,42,10,9,27,14,21,19,7,42,10,3,38,24,15,30,8,36,4,3,32,19,15,24,7,26,7,3,21,13,10,19,7,O
46,66,13,49,10,32,31,20,32,4,35,13,7,30,15,19,21,4,35,8,7,36,21,13,32,4,35,2,2,30,20,13,21,9,24,9,7,19,10,8,15,9,O
45,62,18,46,9,29,26,17,26,6,29,11,7,28,16,11,21,1,30,11,1,28,21,11,26,6,29,5,1,28,16,11,20,6,24,6,7,17,10,6,15,6,O
44,71,16,59,17,42,34,25,34,8,1,19,23,3,17,20,11,26,10,13,17,4,12,21,6,32,22,3,1,9,6,20,5,32,33,3,16,15,11,20,10,27,O
52,64,19,52,10,36,26,18,31,1,2,7,15,10,26,4,26,2,18,1,9,21,9,33,26,1,29,4,2,21,4,33,4,2,40,4,19,27,2,21,4,4,O
53,60,25,49,2,32,19,20,30,14,42,14,3,26,19,9,24,3,37,14,3,37,24,14,35,9,36,8,2,31,19,9,24,9,26,3,3,20,13,8,19,8,O
47,68,19,51,3,34,25,22,31,6,35,6,8,34,19,23,20,5,36,6,8,35,20,23,31,5,30,0,7,34,20,18,25,5,25,11,7,17,14,6,20,5,O
10,56,12,38,28,15,23,18,4,24,29,22,29,2,28,24,23,47,7,32,6,13,1,52,4,70,10,33,10,13,10,2,10,10,27,32,27,2,27,4,27,15,P
24,40,2,34,26,17,0,0,15,12,26,39,31,11,31,6,20,17,4,40,9,17,10,46,15,68,18,39,7,11,8,5,9,68,35,29,24,11,30,0,30,11,P
25,28,3,17,20,6,30,17,19,29,20,28,30,17,30,6,36,6,2,28,8,11,3,17,2,6,20,23,8,23,9,17,14,0,36,17,25,23,26,17,31,5,P
15,36,7,25,24,14,29,9,13,26,29,25,24,9,18,20,18,21,7,31,2,21,1,49,2,3,15,31,10,15,10,9,10,2,32,20,26,9,26,9,26,3,P
16,33,1,27,17,1,23,1,12,19,23,27,23,10,28,1,34,18,6,33,1,18,1,41,0,64,16,32,11,13,11,7,11,4,33,22,27,7,22,7,22,4,P
20,28,2,22,24,6,30,6,13,23,24,23,30,1,24,17,13,17,2,28,8,23,2,12,2,1,15,22,4,17,9,12,10,0,31,11,20,17,21,12,26,0,P
15,41,7,30,18,1,0,0,13,21,24,30,24,24,34,7,40,15,7,41,2,16,2,44,1,67,15,35,10,10,9,4,4,67,32,29,26,4,21,4,21,7,P
24,53,3,47,21,19,31,10,32,38,20,30,26,5,26,15,32,39,7,35,4,16,9,50,9,67,24,30,8,10,13,4,13,7,36,24,24,10,24,4,25,7,P
24,42,2,37,20,25,26,2,0,0,15,36,26,14,31,3,43,21,2,36,9,9,9,43,9,60,24,31,3,15,9,43,9,61,41,20,30,3,35,4,35,3,P
0,0,0,0,0,0,21,8,0,0,10,36,16,30,27,13,32,1,7,36,1,9,10,10,15,10,23,25,7,10,0,38,4,60,34,13,23,10,17,10,12,9,P
21,36,0,0,12,8,23,8,35,3,12,37,1,9,23,8,34,2,5,37,1,9,6,38,7,60,22,31,10,9,5,4,6,60,38,19,27,4,16,9,16,2,P
19,66,3,44,20,15,14,13,20,30,25,21,36,13,42,30,48,47,9,32,3,18,3,42,8,64,13,32,14,8,14,2,14,10,31,27,30,1,30,4,30,15,P
19,31,0,0,14,8,0,0,0,0,14,36,20,19,20,8,31,3,3,36,3,9,9,3,8,60,19,25,3,9,3,32,3,55,30,14,24,4,14,9,13,3,P
23,32,1,26,17,2,27,2,16,20,16,26,22,15,33,3,44,14,0,26,5,19,0,13,11,59,17,21,6,14,12,8,17,3,33,15,23,14,23,8,28,3,P
20,39,3,33,19,17,30,6,36,23,19,22,30,6,31,12,41,29,3,28,2,17,3,40,3,58,15,27,14,7,14,6,14,5,31,22,25,6,25,1,25,5,P
27,48,0,31,17,19,28,9,18,21,23,25,34,3,39,14,50,31,0,31,6,20,6,49,6,66,21,30,11,14,16,4,16,8,38,20,27,9,33,2,33,8,P
21,31,1,20,18,2,19,9,13,21,18,25,24,14,29,3,41,9,1,26,7,20,2,14,13,60,15,20,9,15,10,9,15,2,32,14,21,14,21,9,26,3,P
16,28,1,17,23,11,23,6,12,24,23,22,23,0,23,12,17,6,6,27,7,18,1,12,1,6,15,22,5,18,10,12,10,1,27,16,21,17,21,12,26,1,P
19,27,0,0,30,10,30,7,14,7,26,22,25,16,25,1,15,7,3,27,9,24,3,18,3,7,14,22,8,24,8,18,13,1,31,16,25,19,25,18,25,7,P
24,29,2,23,20,23,31,6,15,22,20,23,21,17,31,6,37,5,2,29,9,22,9,45,9,62,19,23,8,17,13,11,13,0,30,17,24,16,24,11,30,1,P
30,36,3,30,20,13,30,21,30,44,25,36,36,15,41,38,47,61,2,36,8,15,2,9,3,7,20,36,9,15,14,9,15,8,37,24,26,15,31,4,36,8,Q
14,43,9,26,20,4,14,25,25,42,25,21,20,2,14,36,8,58,3,32,3,8,3,13,3,2,14,27,14,8,8,7,8,3,25,26,25,2,20,2,19,4,Q
18,46,5,29,21,6,21,17,27,40,27,29,21,22,21,40,16,62,10,34,4,16,1,6,4,1,12,34,12,11,12,0,12,6,34,28,24,5,23,0,23,6,Q
18,43,4,27,21,9,21,19,27,42,27,27,21,19,21,42,16,59,5,32,4,13,1,8,4,2,13,32,12,13,12,2,12,9,34,26,23,7,23,2,23,9,Q
23,42,0,25,21,8,27,15,16,27,27,30,27,16,32,39,33,66,5,30,10,15,0,9,1,7,17,30,7,15,12,4,17,7,34,19,23,10,28,4,29,7,Q
25,52,3,30,20,13,25,22,37,44,31,35,26,11,26,39,20,73,9,36,9,16,3,10,3,6,19,35,8,16,13,5,13,7,41,23,25,10,25,5,30,6,Q
36,36,9,25,13,13,24,20,36,38,19,30,25,9,30,26,41,43,2,31,8,9,2,9,2,3,15,25,4,15,9,9,14,2,31,19,20,10,25,9,31,2,Q
28,43,1,26,21,9,22,25,38,42,27,32,27,14,27,37,22,60,5,37,6,14,0,8,0,3,17,32,6,14,11,8,12,9,34,26,23,13,28,2,28,9,Q
19,39,4,28,20,11,26,17,15,28,26,28,26,17,31,39,31,57,4,34,4,17,1,11,3,5,13,29,13,17,13,6,13,6,30,23,24,11,24,5,24,6,Q
24,29,2,23,15,12,20,16,20,27,20,29,26,10,26,27,31,45,3,29,9,10,3,11,2,0,14,29,7,11,13,5,13,1,30,18,19,11,24,5,25,1,Q
13,61,9,39,20,11,25,18,9,23,25,17,26,24,31,46,31,63,3,27,3,18,2,7,2,5,18,22,13,12,13,6,13,5,30,22,24,6,24,1,24,5,Q
15,41,2,29,24,13,19,16,8,27,30,25,24,21,24,44,19,67,8,35,7,16,2,10,2,1,10,30,9,10,9,5,9,7,31,24,26,5,21,4,21,2,Q
18,44,5,26,16,15,21,14,5,19,21,21,27,19,27,36,32,53,5,26,10,13,1,8,4,2,12,21,7,13,12,7,12,4,28,15,18,8,23,2,23,4,Q
28,37,5,26,17,10,23,19,29,36,22,32,29,13,39,36,40,53,0,37,12,13,1,8,0,4,21,32,5,13,11,7,16,4,38,21,22,13,27,7,32,4,Q
23,32,1,26,16,9,22,19,28,36,21,27,27,8,33,31,38,48,0,32,10,8,0,8,0,3,17,27,6,13,12,7,12,4,34,20,23,13,28,7,28,4,Q
28,38,1,26,16,9,22,19,27,37,22,26,27,14,33,37,38,59,5,32,5,14,0,8,1,4,17,26,6,14,12,3,17,9,34,20,23,8,28,2,28,9,Q
33,35,10,24,17,13,28,21,29,38,23,35,34,5,39,27,50,49,0,36,12,10,1,10,5,7,22,30,5,15,16,10,16,2,38,24,27,15,28,10,33,1,Q
22,49,6,32,23,15,23,19,17,30,28,32,29,19,34,42,34,70,11,37,11,19,1,8,0,4,16,32,10,19,16,7,16,9,38,21,27,13,32,2,33,9,Q
40,32,12,26,16,10,27,19,33,31,16,32,32,8,38,25,49,42,1,32,10,8,1,8,1,2,18,27,1,13,12,8,17,3,34,15,23,13,24,8,29,2,Q
28,34,5,28,17,11,22,22,28,34,22,28,28,11,33,34,34,51,0,34,11,11,0,11,0,0,17,28,6,12,11,6,16,5,33,22,22,11,28,6,28,5,Q
13,67,9,56,20,38,4,11,19,12,26,1,31,35,32,63,32,86,15,1,13,7,19,11,42,92,0,0,29,1,25,21,13,39,0,0,30,4,30,22,19,39,R
3,66,14,45,25,32,8,15,19,1,19,2,19,30,14,53,8,75,8,1,0,0,14,58,13,81,0,0,0,0,20,27,9,44,0,0,31,16,25,27,26,33,R
14,65,25,48,31,26,15,9,8,8,21,9,20,42,15,65,10,88,9,8,13,3,8,20,9,93,2,3,24,9,13,26,7,37,8,9,24,14,24,26,19,31,R
10,53,12,36,28,24,12,7,10,5,17,21,23,50,24,72,29,106,6,16,0,0,0,0,4,36,0,0,0,0,11,24,5,35,33,4,27,7,21,24,16,35,R
3,78,9,61,25,44,4,26,24,9,15,4,14,19,9,42,3,70,3,10,14,19,9,47,3,70,0,0,0,0,0,0,3,70,0,0,30,27,30,38,14,55,R
7,66,23,54,29,32,12,15,15,9,23,2,17,36,12,58,1,76,12,2,10,2,12,64,12,87,6,4,27,15,21,27,10,38,0,0,27,20,26,32,26,33,R
2,77,14,60,26,32,9,15,18,9,20,2,21,31,20,59,14,82,9,2,15,36,15,59,15,82,7,2,24,2,24,32,13,38,0,0,35,10,25,37,13,49,R
11,88,27,65,33,43,11,25,12,20,22,3,16,32,5,55,1,77,11,8,5,37,5,71,0,94,5,14,28,31,17,48,0,89,0,0,28,31,23,48,28,48,R
9,65,21,48,32,25,15,8,12,8,26,9,21,37,15,60,10,82,10,3,12,3,13,14,10,88,0,0,24,8,18,25,7,37,0,0,29,9,24,25,24,31,R
3,58,14,42,25,24,14,7,8,1,20,10,20,38,20,61,14,78,8,4,8,32,8,7,0,0,13,2,13,10,13,8,8,25,25,13,30,2,19,19,8,36,R
16,75,27,52,33,35,11,13,12,13,27,5,16,44,5,67,1,84,16,1,12,1,5,78,1,96,0,7,17,1,17,35,1,52,6,13,29,18,23,35,23,41,R
15,82,26,65,31,47,9,30,13,31,20,8,4,21,7,44,19,61,14,13,3,21,8,50,14,78,9,19,19,19,24,42,13,66,0,0,0,0,0,0,0,0,R
5,65,17,48,33,25,16,8,11,14,27,14,22,48,17,71,17,100,11,9,11,9,11,14,0,0,0,9,27,3,22,19,6,37,0,0,28,3,23,25,22,31,R
1,54,13,48,24,26,12,8,15,9,29,9,29,43,24,71,29,94,18,9,10,14,15,14,4,14,0,0,21,3,20,14,9,26,0,0,26,8,26,14,26,20,R
16,69,0,58,11,41,0,50,11,73,11,7,5,22,0,39,0,0,0,12,22,1,0,0,0,0,0,0,0,0,0,0,0,0,0,0,0,0,0,0,0,0,R
12,66,23,54,29,37,12,20,15,20,18,2,7,36,1,59,10,76,12,3,6,36,1,65,10,87,7,9,16,4,21,32,4,49,0,0,0,0,21,43,26,38,R
14,74,25,57,31,35,9,18,14,18,20,0,9,33,3,56,8,73,14,1,8,34,2,62,3,90,3,6,25,24,14,41,3,52,0,0,25,35,20,41,8,45,R
3,75,19,63,30,35,9,17,19,0,20,5,14,39,9,62,3,84,14,1,9,34,9,62,8,95,3,1,30,18,19,35,8,46,0,0,30,24,25,35,14,41,R
5,55,12,43,23,26,11,14,11,2,17,3,22,31,17,53,17,76,6,2,6,14,0,0,22,76,11,3,16,3,11,15,5,32,28,9,27,9,21,20,11,38,R
12,67,23,50,34,33,12,15,11,16,23,2,12,36,6,59,5,81,12,1,11,36,1,65,5,93,6,4,27,21,16,33,5,49,0,0,27,27,22,38,27,38,R
14,61,8,38,30,10,19,7,3,2,25,1,25,19,14,13,14,1,8,2,8,30,3,13,2,1,14,1,9,24,8,7,8,5,31,4,25,13,20,4,20,15,S
18,60,10,38,32,15,26,8,4,14,21,13,26,25,15,14,20,2,2,2,4,25,4,8,4,9,18,3,12,19,7,3,12,14,30,8,18,14,18,4,19,15,S
15,64,12,42,40,19,29,4,1,9,23,10,34,26,23,10,23,3,6,15,12,26,6,9,1,3,16,15,10,20,10,8,16,13,38,9,32,9,27,13,32,25,S
18,63,10,41,32,17,26,11,38,28,0,0,21,28,16,16,21,0,7,0,4,27,4,5,4,6,23,5,12,17,7,1,12,17,34,5,18,16,18,6,23,12,S
16,66,7,38,34,15,28,7,6,7,23,13,29,24,28,13,23,2,5,8,12,25,6,8,1,1,22,7,10,19,5,4,16,10,39,7,27,13,22,9,27,15,S
21,59,2,42,30,20,24,3,1,3,19,3,35,20,24,8,23,2,1,3,18,20,7,8,1,3,15,9,4,25,9,3,15,8,37,9,21,20,21,3,26,8,S
30,53,3,37,31,25,31,3,9,20,0,0,31,20,20,9,20,2,3,2,14,20,3,3,2,8,14,2,3,20,8,3,14,13,30,15,8,20,14,3,25,8,S
14,71,13,43,41,20,30,8,2,3,20,9,36,31,25,15,25,3,3,14,9,31,8,14,3,3,19,14,14,20,9,3,14,14,42,9,36,9,30,14,31,20,S
27,65,6,42,34,25,28,4,1,3,23,4,34,20,28,9,23,2,5,4,18,21,12,9,1,2,22,9,5,21,10,4,16,7,38,10,27,21,22,4,27,8,S
26,63,2,46,35,24,24,4,4,4,24,0,35,22,24,5,19,1,2,5,18,22,7,10,1,1,15,11,4,27,9,5,15,7,38,11,26,22,26,0,27,12,S
28,62,1,40,27,23,26,5,27,17,16,1,27,17,21,6,21,5,6,6,16,23,10,6,1,0,23,6,1,23,7,0,17,6,35,11,23,22,23,0,24,11,S
12,57,10,35,27,12,16,5,1,5,16,1,22,21,16,11,15,1,5,1,10,27,5,10,1,1,12,1,7,22,7,5,7,6,28,1,23,11,18,1,18,12,S
23,64,5,47,38,25,27,3,1,3,26,3,38,21,21,9,21,2,15,9,16,26,10,9,1,2,18,9,7,26,12,4,18,8,40,9,29,20,24,2,29,14,S
9,57,13,33,36,11,25,12,8,6,14,6,19,24,19,12,19,6,3,0,3,29,8,12,3,5,20,1,14,18,8,0,8,11,36,1,25,6,20,5,20,17,S
23,63,4,41,32,18,26,5,4,5,21,5,26,27,21,16,21,5,1,4,15,27,9,10,4,1,18,5,7,22,7,1,7,12,35,10,23,16,19,6,24,18,S
13,62,9,40,26,17,15,6,21,23,20,5,21,23,15,12,15,0,4,0,9,29,3,11,3,5,18,0,8,23,8,6,8,6,30,0,25,12,24,6,19,17,S
14,66,8,43,30,15,19,8,19,20,19,3,25,20,19,14,14,3,3,3,8,31,3,14,2,3,15,3,9,25,9,8,9,8,36,3,25,14,25,3,20,20,S
17,61,11,38,28,15,17,2,27,25,17,2,28,19,17,13,16,3,0,3,11,30,6,13,0,9,17,4,6,25,11,7,11,9,33,2,22,14,22,3,22,15,S
15,63,8,41,35,18,30,11,30,28,19,11,25,27,19,17,19,5,4,0,8,28,3,5,2,12,20,5,9,27,9,6,9,18,42,5,26,11,26,12,26,23,S
11,65,12,43,34,15,28,9,1,20,28,20,12,31,12,19,17,8,1,3,0,25,1,8,6,9,11,3,11,20,10,3,5,15,32,3,22,9,16,9,16,20,S
14,52,0,0,25,12,0,0,0,0,25,11,25,39,25,17,25,0,8,17,8,22,9,6,13,24,19,11,8,17,3,12,8,29,36,11,25,10,20,12,20,18,T
0,0,0,0,0,0,0,0,0,0,0,0,0,0,0,0,0,0,0,0,0,0,0,0,0,0,0,0,0,0,0,0,0,0,0,0,0,0,0,0,0,0,T
0,0,0,0,0,0,0,0,0,0,0,0,34,35,35,13,34,4,1,7,18,19,12,15,7,33,21,13,1,13,4,16,10,33,32,18,16,7,21,10,27,16,T
0,0,0,0,0,0,0,0,0,0,0,0,26,26,32,9,32,8,0,0,9,26,15,3,15,25,0,0,7,20,2,14,2,31,40,9,24,9,23,8,23,20,T
0,0,0,0,0,0,0,0,0,0,0,0,9,34,30,6,20,23,0,0,9,23,14,6,14,23,0,0,3,17,2,11,3,28,36,6,19,17,14,5,19,12,T
14,51,0,0,0,0,0,0,0,0,0,0,25,35,30,23,30,6,3,12,13,23,14,10,14,28,14,7,3,18,3,11,3,33,31,7,19,12,14,5,19,16,T
17,63,0,0,27,12,27,12,32,6,22,16,27,39,27,22,27,5,4,17,5,28,10,6,10,29,23,11,12,22,7,12,11,35,45,11,34,11,28,7,28,18,T
18,70,5,42,27,13,32,15,38,37,21,10,21,32,27,16,22,4,1,15,5,26,10,2,5,8,29,4,7,15,7,14,12,13,40,4,29,9,23,13,29,13,T
29,58,1,41,26,13,27,7,21,1,21,5,32,27,32,38,32,44,1,16,10,32,10,7,9,24,29,10,7,21,7,13,12,30,46,10,29,16,24,7,29,18,T
15,53,8,30,24,13,30,7,19,4,19,21,30,38,24,21,19,4,2,21,2,27,8,7,8,24,20,15,15,16,9,13,9,25,42,9,32,10,26,7,21,18,T
16,61,5,33,22,10,28,8,33,30,17,12,17,29,22,13,22,2,5,13,5,19,11,1,6,10,22,12,11,7,6,16,11,10,39,7,28,1,27,10,23,16,T
0,0,0,0,0,0,0,0,0,0,0,0,16,33,22,22,27,10,0,21,5,21,16,7,17,24,12,10,7,10,0,18,5,35,34,1,23,1,17,18,12,24,T
19,59,4,31,25,3,31,3,21,3,20,15,26,43,26,20,25,3,3,26,3,32,9,2,15,25,35,14,13,15,7,14,2,36,46,9,30,9,24,13,24,19,T
0,0,0,0,0,0,0,0,0,0,0,0,21,46,27,28,32,6,4,23,4,29,15,11,21,34,0,0,12,17,1,22,4,45,46,0,24,0,18,17,18,28,T
15,48,0,0,24,13,0,0,0,0,24,9,29,37,29,20,24,2,7,15,7,26,12,3,12,25,16,9,9,15,4,8,4,31,32,3,31,9,21,8,21,19,T
22,49,0,0,0,0,0,0,0,0,0,0,28,25,34,8,28,10,6,13,17,24,12,9,11,26,11,13,1,19,5,9,10,27,28,19,16,14,16,3,22,15,T
18,57,0,0,0,0,20,0,26,6,4,17,26,40,31,23,31,1,13,17,14,28,15,11,15,28,24,12,2,17,2,17,7,34,36,6,19,6,19,11,24,22,T
0,0,0,0,0,0,0,0,0,0,0,0,20,40,25,28,30,6,2,12,3,23,14,5,20,28,14,6,8,12,3,17,8,34,36,0,24,0,14,17,14,28,T
16,57,0,0,23,7,0,0,29,7,24,11,29,39,29,21,29,1,2,16,7,27,12,6,12,24,21,11,10,21,10,12,10,30,43,5,32,10,27,7,26,18,T
0,0,0,0,0,0,0,0,0,0,0,0,28,35,28,12,28,5,0,6,12,18,11,11,11,28,17,12,0,12,5,16,6,34,33,12,17,7,17,10,22,22,T
16,74,27,56,33,39,16,28,0,23,16,0,16,34,10,52,5,74,5,11,1,34,6,63,12,86,11,17,17,12,6,11,0,17,23,34,29,6,17,22,6,33,U
19,66,2,54,14,43,4,26,8,20,14,9,25,20,31,43,31,65,3,9,9,31,15,54,25,77,8,9,8,19,13,3,8,20,30,15,25,2,24,20,19,32,U
14,77,3,65,20,48,8,31,14,20,14,8,25,26,26,49,31,71,3,8,9,37,14,60,20,83,8,9,14,20,14,3,8,20,19,20,30,3,25,20,19,26,U
8,68,8,56,19,40,8,23,8,17,14,11,25,23,25,46,31,63,2,11,9,29,14,52,20,74,19,12,8,17,8,5,8,17,30,17,25,0,19,16,19,28,U
9,63,19,51,25,34,9,23,8,17,14,6,15,23,14,45,14,62,3,6,3,28,3,51,2,68,3,12,14,11,9,6,8,18,13,18,25,6,19,18,14,29,U
13,65,19,48,30,31,13,20,9,20,18,3,13,26,13,48,7,65,7,8,2,31,4,54,4,76,4,14,15,14,9,3,4,20,20,26,26,9,20,20,14,31,U
21,83,27,61,38,38,16,22,11,27,21,4,16,35,10,58,0,80,5,10,1,35,11,64,12,87,6,16,18,13,12,10,6,22,12,27,29,15,23,27,12,27,U
18,73,29,56,40,33,18,22,9,22,18,1,13,35,7,58,1,80,7,5,4,35,10,63,15,86,4,16,20,18,10,22,4,28,10,22,27,11,21,28,10,38,U
17,65,23,49,33,37,16,21,6,20,17,3,16,26,11,48,5,66,6,9,0,31,6,54,11,76,6,14,17,14,11,9,6,20,17,31,28,9,22,20,11,26,U
11,73,22,56,29,38,11,22,11,22,17,5,17,29,12,52,6,70,6,10,0,30,5,58,5,81,5,15,17,13,11,5,5,21,11,21,28,10,22,22,11,22,U
5,73,11,61,23,44,6,27,11,21,12,9,23,24,18,47,17,70,6,5,6,30,6,58,6,81,10,9,16,19,11,4,5,21,11,21,28,4,22,21,11,21,U
5,86,12,74,29,52,39,35,0,0,18,6,23,28,23,56,18,79,1,6,6,39,6,68,6,96,16,6,16,16,10,7,5,24,38,35,38,1,26,23,16,40,U
3,90,13,72,30,55,8,38,9,33,18,16,24,19,19,46,2,81,2,16,2,30,3,58,7,81,9,16,20,13,15,10,19,69,0,0,31,10,26,27,15,32,U
13,64,24,52,30,35,13,24,4,24,18,1,13,28,7,50,2,73,7,7,4,33,9,56,15,79,4,13,15,11,4,7,3,24,10,24,21,12,15,24,9,35,U
9,75,20,58,31,36,14,24,3,24,19,1,15,33,14,50,3,73,3,7,2,38,3,62,8,85,8,13,14,16,8,12,3,23,25,29,25,7,19,23,8,29,U
6,63,18,52,29,40,12,23,5,23,18,6,18,28,17,50,12,68,6,6,1,33,1,57,4,79,5,12,15,16,10,6,5,23,21,23,26,6,21,29,10,34,U
3,62,15,51,26,39,9,23,8,22,14,5,20,28,15,46,9,68,4,6,3,29,3,57,2,80,8,11,13,12,8,5,7,22,13,22,25,6,19,22,13,34,U
3,65,9,53,20,37,8,25,8,19,14,8,31,15,20,49,42,37,3,8,3,32,8,60,9,78,8,8,14,20,13,3,8,19,30,20,30,2,20,19,14,20,U
12,63,24,51,35,34,18,23,4,23,18,1,13,29,7,51,2,73,7,6,4,34,9,57,10,79,4,12,15,16,9,12,4,23,21,29,26,11,16,23,10,34,U
14,70,3,58,14,42,8,25,8,19,14,8,25,21,31,44,31,66,2,8,14,32,19,55,25,78,19,13,8,20,8,2,8,19,36,19,25,2,24,19,19,30,U
3,72,9,61,26,44,9,32,8,21,20,4,31,24,37,47,37,69,9,4,2,35,8,58,13,81,8,10,19,13,13,4,7,16,24,16,25,10,19,16,13,21,V
6,69,17,58,23,41,6,29,11,17,22,6,28,22,33,39,38,62,6,6,0,28,11,51,17,68,5,7,22,16,11,6,6,12,11,18,28,7,23,12,16,18,V
6,71,10,60,21,48,5,31,12,25,21,8,33,20,39,42,44,60,5,3,0,37,1,60,6,82,11,8,23,20,12,3,11,14,23,14,29,3,23,14,17,25,V
1,75,13,63,29,46,7,29,15,29,18,1,29,28,34,56,40,79,6,1,5,39,10,67,16,90,5,12,27,11,15,12,10,23,0,0,32,23,26,35,16,34,V
4,69,12,63,18,52,7,36,0,0,18,12,29,16,35,33,40,56,7,7,1,27,4,50,5,72,10,12,21,10,21,10,21,16,26,18,26,12,0,0,15,24,V
9,69,15,57,21,46,4,29,13,18,20,6,26,22,31,44,31,62,9,6,2,28,8,51,13,73,2,12,19,11,19,5,7,18,13,18,24,7,24,12,13,18,V
16,69,1,58,13,41,1,24,10,12,13,13,29,16,40,33,51,50,4,7,7,28,12,50,18,72,16,7,16,21,10,1,10,18,27,18,27,4,21,7,15,13,V
0,56,11,50,17,33,5,21,12,10,16,10,27,18,28,35,33,52,5,10,0,24,1,47,6,64,6,10,17,13,6,4,6,16,17,16,23,5,17,10,12,15,V
18,68,1,57,10,40,1,23,12,6,11,12,32,17,43,33,49,50,1,6,10,28,16,45,21,68,18,6,17,22,12,6,12,17,28,12,29,0,23,6,17,12,V
7,68,18,57,29,40,12,29,10,18,23,6,28,23,29,45,29,68,7,6,4,34,21,56,27,79,4,6,26,11,10,11,5,12,15,17,27,12,21,17,10,18,V
4,71,16,60,27,48,10,32,7,26,22,8,32,25,38,48,38,71,5,3,6,32,12,59,18,82,7,8,23,14,12,3,7,15,23,14,29,9,28,14,12,21,V
1,51,12,46,18,34,7,23,10,12,18,6,29,12,34,29,40,46,7,6,1,23,1,45,1,63,4,12,15,6,15,6,16,17,16,23,27,17,38,22,15,12,V
7,68,10,56,21,40,4,23,12,11,15,11,27,17,37,40,43,57,4,6,1,29,7,52,7,74,7,11,18,17,18,12,7,17,23,22,24,5,18,11,12,17,V
2,80,18,69,29,52,7,35,15,29,24,6,35,28,35,55,40,73,7,6,4,39,9,62,10,90,9,12,26,16,21,1,10,18,0,0,32,18,32,18,15,24,V
2,59,13,53,24,36,7,19,15,19,19,2,30,26,36,43,46,66,8,7,4,26,10,55,20,77,2,13,20,9,10,8,9,19,20,24,26,19,26,19,15,19,V
2,69,13,58,23,42,7,30,10,18,18,7,24,21,29,39,29,60,7,7,4,32,9,49,10,72,4,13,21,10,21,4,10,13,0,0,26,8,21,13,15,19,V
0,62,11,56,22,45,6,28,11,22,18,5,23,23,28,41,28,58,6,5,0,29,5,52,11,69,5,10,17,12,10,5,5,16,11,16,27,5,22,11,11,16,V
5,60,16,49,27,37,10,26,12,20,16,3,22,25,27,48,27,65,10,9,6,31,6,54,12,76,1,9,23,8,17,3,6,20,0,0,23,20,23,26,17,25,V
6,61,6,55,17,39,5,27,11,16,17,10,28,18,39,36,44,58,5,5,0,30,0,53,0,75,11,10,17,18,11,4,6,16,22,21,27,4,22,10,11,16,V
9,68,7,57,19,40,2,23,10,16,14,6,30,18,40,40,46,57,2,6,2,34,2,57,3,75,9,11,20,18,9,5,9,17,20,17,26,5,20,11,15,17,V
1,87,7,69,17,46,4,18,16,7,18,12,29,16,34,38,40,56,7,18,6,27,7,50,7,68,10,24,15,16,16,38,21,61,22,41,27,24,10,35,32,1,W
4,86,6,70,12,47,4,24,21,1,18,13,29,16,40,33,46,55,6,13,7,27,12,50,12,67,10,24,16,10,16,33,16,55,26,30,27,24,16,35,21,4,W
5,83,6,66,11,44,5,20,22,2,17,10,28,19,39,42,44,59,5,10,5,30,6,53,6,71,11,21,17,13,22,36,22,59,28,32,22,27,11,38,0,49,W
7,84,12,67,18,44,1,26,26,27,18,15,23,19,29,36,29,58,7,16,1,25,1,47,5,70,4,21,16,7,22,30,32,47,16,32,22,21,0,0,0,0,W
21,107,4,84,7,61,16,38,49,38,12,22,29,12,35,35,46,53,4,27,1,24,6,52,7,75,10,27,27,7,27,30,27,58,0,0,0,0,0,0,45,53,W
14,80,3,68,8,46,8,23,31,23,14,12,30,16,41,33,47,45,3,12,8,23,13,45,14,62,9,17,14,11,14,34,15,51,20,23,19,12,15,17,0,0,W
7,85,4,67,15,45,2,27,29,17,15,16,32,17,43,35,48,52,4,16,9,24,10,46,10,69,7,17,18,12,18,35,18,57,23,22,29,16,0,0,29,22,W
19,89,3,72,9,49,8,26,31,21,19,15,36,18,48,36,59,53,3,15,9,30,14,53,20,76,9,16,19,13,19,36,14,64,20,21,19,10,19,21,31,27,W
18,73,7,67,4,45,7,22,29,16,15,16,32,12,44,29,55,41,4,11,10,24,16,47,21,64,12,16,13,12,12,35,12,52,18,16,18,10,18,16,29,16,W
31,77,37,65,37,42,10,30,13,36,31,3,36,32,37,55,31,78,20,13,3,37,8,60,19,83,9,20,19,4,36,21,52,43,2,31,24,36,41,36,52,36,W
2,84,8,66,14,49,3,27,30,27,20,10,31,19,36,36,42,58,8,15,3,25,3,47,2,75,8,21,19,8,20,30,25,53,19,27,0,0,0,0,30,27,W
2,70,12,54,13,42,4,19,20,2,18,8,29,20,35,38,41,55,1,8,2,26,7,49,7,66,15,19,15,9,21,32,26,54,26,31,21,25,10,31,4,42,W
2,94,9,77,16,49,2,31,30,26,26,9,32,19,37,37,43,59,4,20,4,31,1,53,2,76,7,26,18,8,24,31,29,53,0,0,24,26,0,0,30,26,W
6,82,10,70,15,48,1,20,23,8,16,8,32,20,43,43,49,60,5,8,5,32,5,55,5,77,12,19,18,15,24,38,29,61,29,31,23,25,17,36,1,48,W
1,86,5,69,11,46,6,18,17,6,22,11,33,22,44,40,50,62,5,12,5,34,11,56,11,74,11,23,17,12,23,40,28,62,28,35,28,24,17,34,6,46,W
7,86,1,69,10,41,1,18,0,0,16,7,27,16,38,38,49,56,1,12,5,33,10,55,10,72,18,18,18,10,18,39,23,61,29,30,23,24,12,35,1,41,W
9,83,15,67,15,49,2,26,19,4,20,15,31,13,37,36,42,58,4,15,4,25,4,47,4,70,2,21,19,7,24,30,30,53,19,33,19,27,19,10,24,4,W
8,93,4,75,14,52,3,24,19,4,20,13,37,21,43,38,54,61,3,13,9,32,14,55,15,73,19,24,18,16,18,39,18,62,35,35,24,35,13,47,24,4,W
2,87,13,70,18,47,4,19,20,4,19,13,30,21,41,44,46,66,2,14,2,32,7,55,7,77,14,25,20,15,26,38,31,60,26,36,21,30,15,36,4,47,W
1,85,10,68,11,45,6,18,18,6,16,12,27,17,38,40,49,62,1,12,5,33,10,56,10,74,12,18,18,16,23,39,23,62,29,34,23,28,12,35,6,46,W
15,50,21,39,31,22,15,5,4,1,26,18,20,46,10,52,3,46,15,13,8,18,8,4,2,11,7,12,24,6,18,10,7,16,19,5,30,10,24,16,13,27,X
46,33,34,1,1,64,11,63,16,41,6,18,21,7,4,10,17,10,1,7,22,5,1,16,12,10,1,1,21,11,4,22,12,16,1,4,16,21,5,27,6,22,X
32,44,37,27,38,10,16,7,5,13,26,35,2,30,4,18,10,8,4,30,18,18,7,10,5,5,12,13,34,2,12,15,1,15,24,7,34,15,18,21,12,21,X
42,41,36,29,31,12,9,5,3,1,20,27,3,56,14,51,19,34,9,22,20,5,9,12,3,12,3,10,25,7,8,18,3,18,14,1,25,18,14,24,2,24,X
19,51,24,39,30,22,14,5,7,6,29,17,18,46,7,57,4,46,18,17,9,17,4,5,2,11,9,11,26,1,15,11,4,17,20,11,31,11,21,22,14,28,X
40,40,35,23,29,11,12,5,4,11,23,22,1,51,15,45,15,28,7,22,21,6,9,12,2,12,1,11,26,6,10,17,2,17,10,0,21,17,15,23,4,23,X
11,52,22,40,28,23,16,1,5,5,27,16,22,44,11,56,0,50,16,16,6,16,6,1,0,12,6,10,23,5,12,12,6,18,23,6,29,12,23,18,17,24,X
25,58,31,36,36,19,14,1,3,4,31,21,14,55,3,61,13,55,20,16,14,21,8,2,3,13,3,1,30,4,14,13,3,19,19,13,36,18,25,24,13,30,X
24,52,29,35,29,18,12,1,2,5,29,16,12,51,4,56,15,50,18,16,10,16,10,6,1,12,2,5,27,4,15,12,4,18,0,0,32,18,26,23,10,29,X
15,60,26,43,37,26,15,3,4,8,32,20,21,59,15,70,1,60,21,20,12,20,7,14,1,15,13,14,30,3,18,20,8,21,0,0,40,15,29,26,19,32,X
35,48,30,31,24,14,2,3,4,3,24,15,8,48,9,43,9,26,18,15,15,14,14,8,3,9,8,9,20,9,15,14,3,14,2,2,21,9,15,20,4,20,X
22,54,28,37,28,19,11,3,5,3,27,20,16,49,0,54,5,48,17,14,11,15,11,3,0,14,5,3,23,3,16,14,5,14,11,8,28,14,22,20,11,25,X
29,54,30,32,35,20,12,2,1,8,29,20,12,54,4,59,16,53,18,19,15,19,10,9,2,14,1,14,27,2,15,15,1,20,15,14,32,15,21,26,10,32,X
26,48,31,36,31,19,9,2,3,3,26,20,9,54,2,55,8,43,15,15,13,15,13,8,3,14,4,9,29,2,13,14,2,19,0,0,30,14,24,20,8,25,X
32,52,32,35,32,18,10,1,1,4,26,22,9,56,7,61,13,50,20,21,18,11,13,13,4,18,9,16,30,1,13,18,2,18,0,0,35,18,24,24,8,30,X
28,49,33,33,33,15,17,1,0,7,23,24,12,52,0,47,5,30,6,30,17,13,6,10,6,15,6,18,28,4,11,21,0,21,17,2,28,15,22,21,11,26,X
40,37,39,25,29,9,7,3,10,3,18,26,1,54,16,48,16,32,12,20,21,3,10,14,6,14,1,9,27,8,10,20,1,19,0,3,21,14,11,25,0,25,X
20,49,26,37,31,20,14,3,4,3,26,14,20,48,9,54,3,42,15,14,13,14,8,3,2,14,2,14,25,3,18,14,7,20,19,3,30,14,24,20,13,26,X
14,53,25,41,30,19,14,2,3,4,25,16,25,50,14,55,3,43,14,15,13,16,8,8,3,18,8,10,25,4,14,18,8,19,19,4,31,13,25,19,14,25,X
37,47,36,30,31,19,9,2,2,4,31,21,3,55,13,55,19,38,15,21,19,10,8,13,4,14,4,15,30,2,13,19,3,19,7,9,30,19,19,25,2,25,X
12,55,10,43,33,26,55,9,66,8,16,8,21,14,16,8,15,20,1,8,4,14,1,9,5,20,17,8,18,14,12,9,7,31,29,3,40,31,46,43,57,60,Y
1,57,17,35,34,12,50,6,62,23,17,11,17,17,17,1,17,17,5,11,0,17,1,11,6,28,16,5,17,11,11,17,0,34,32,1,44,17,50,34,60,45,Y
8,58,13,36,31,13,52,10,69,38,14,15,19,26,14,9,14,7,3,16,3,27,3,2,2,19,20,15,20,21,15,8,9,30,36,9,36,4,31,8,25,24,Y
8,47,9,36,31,19,47,2,53,15,14,4,19,10,14,2,14,13,2,4,3,15,3,7,3,19,14,4,14,10,8,8,8,24,25,1,36,21,41,33,47,49,Y
24,55,4,44,26,28,49,16,65,1,15,5,21,12,15,5,15,16,1,6,9,18,4,5,4,21,13,7,12,18,13,10,12,27,29,7,35,35,35,52,35,69,Y
4,58,13,40,35,18,52,0,63,22,18,10,18,16,18,1,18,12,4,5,1,16,2,6,7,18,15,5,20,11,10,12,4,29,27,1,43,16,54,33,60,45,Y
27,49,4,43,24,32,46,20,68,9,12,9,13,9,23,8,23,14,9,4,7,8,1,9,0,0,16,2,10,14,15,14,16,31,27,8,27,36,27,53,27,70,Y
10,46,7,29,29,6,45,11,57,28,12,17,12,22,12,5,13,1,4,17,4,22,1,0,2,17,16,11,21,16,10,11,5,23,32,5,32,6,21,11,16,17,Y
12,53,9,41,26,19,48,2,60,15,15,4,20,15,15,2,0,0,1,4,4,16,4,7,4,24,13,4,13,10,12,13,7,30,29,1,35,27,35,39,41,56,Y
13,47,4,31,25,13,42,9,54,21,9,9,14,21,14,4,14,2,7,9,2,21,2,2,2,14,19,4,19,15,13,8,8,24,30,4,41,26,19,8,0,0,Y
11,54,11,37,28,19,50,2,67,15,16,4,16,20,16,3,16,8,0,4,0,15,0,8,0,20,16,3,17,9,11,14,6,30,28,2,34,26,39,38,45,54,Y
18,44,5,33,32,15,54,1,71,13,10,13,11,19,10,2,10,10,7,13,1,24,1,1,1,10,18,13,18,19,17,4,12,15,34,7,34,7,23,4,18,15,Y
1,52,17,29,34,6,46,16,51,34,12,17,7,28,12,11,13,1,5,17,10,22,4,1,1,17,21,11,22,11,16,12,5,29,32,0,27,0,21,12,16,18,Y
21,58,6,47,34,30,51,12,62,10,12,7,18,16,17,1,12,18,1,10,6,21,1,7,6,24,16,5,15,21,11,7,5,30,32,4,38,32,38,49,43,61,Y
26,55,1,44,29,27,52,15,74,2,12,4,23,13,18,9,12,21,1,7,7,18,1,10,1,21,15,7,10,18,10,9,10,21,32,7,37,30,38,52,43,70,Y
19,46,3,36,26,24,48,12,64,1,14,1,20,10,15,7,14,13,2,4,3,16,3,7,3,18,13,4,13,10,13,7,8,18,25,4,30,27,36,44,41,56,Y
10,52,12,40,35,23,52,1,63,16,18,10,18,16,18,6,13,18,4,5,1,16,2,6,7,18,15,5,15,11,10,12,4,24,32,1,42,22,48,39,54,51,Y
2,53,15,36,37,13,48,4,59,21,15,9,15,16,20,2,20,8,2,4,2,15,3,7,9,19,13,4,18,9,8,13,2,25,30,2,41,16,52,32,58,44,Y
9,49,8,38,31,21,52,4,69,13,14,7,19,13,14,4,14,20,3,7,2,14,2,9,3,21,14,8,14,14,9,9,8,26,31,2,37,25,47,42,53,53,Y
11,60,11,43,33,20,50,2,67,14,17,9,22,14,17,3,17,15,0,9,5,19,0,9,5,26,17,8,17,14,12,20,11,37,33,3,39,31,44,48,45,60,Y
16,21,6,3,6,14,11,20,6,20,22,26,33,3,39,9,50,25,6,31,11,8,0,14,0,8,11,26,6,8,11,8,16,2,28,20,22,9,23,8,28,3,Z
0,0,5,3,7,15,12,25,5,20,28,25,29,20,34,3,51,15,12,31,12,3,1,9,1,9,10,31,10,9,16,9,16,3,27,20,26,14,27,9,27,2,Z
0,0,1,3,5,14,15,31,12,26,32,26,33,20,37,3,38,26,15,37,16,25,0,0,4,14,7,31,12,14,12,14,18,3,29,20,29,3,29,14,29,3,Z
23,15,7,4,16,4,10,24,1,19,21,21,33,4,48,2,60,7,4,27,10,7,1,13,1,8,12,26,7,13,12,13,17,2,29,15,23,13,23,13,29,2,Z
31,17,4,16,8,6,8,18,2,29,24,28,35,5,41,1,52,12,8,34,18,5,8,12,3,23,9,28,9,6,14,12,15,17,31,22,26,0,26,7,26,12,Z
23,19,1,19,10,15,21,20,4,21,16,30,33,14,48,8,60,2,1,31,10,9,4,15,1,9,18,20,7,15,12,15,18,4,35,8,23,20,28,15,29,9,Z
19,25,2,19,9,10,20,21,4,26,20,31,31,13,43,2,59,4,2,31,9,9,3,15,2,9,19,24,8,15,13,15,19,4,35,13,24,16,25,15,30,4,Z
23,16,11,5,16,12,17,18,5,18,16,27,28,11,44,0,55,6,1,28,10,7,5,12,0,6,17,22,6,12,11,12,12,6,33,11,22,17,23,12,28,1,Z
16,24,11,13,0,0,11,21,6,20,22,24,39,4,50,15,61,27,6,30,11,9,0,9,0,4,11,25,11,10,16,9,17,2,28,19,22,10,28,9,28,2,Z
0,0,6,8,0,0,10,21,6,21,21,25,38,2,49,10,66,21,4,36,15,9,1,9,1,3,13,30,12,10,18,9,18,2,34,19,28,10,29,9,29,2,Z
0,0,7,6,10,17,10,27,7,22,27,24,27,23,32,1,43,17,10,35,10,10,1,11,1,5,7,29,7,11,12,11,18,0,29,23,23,11,28,11,29,1,Z
24,12,7,6,10,17,10,28,2,17,26,23,32,18,32,11,38,5,15,29,10,6,4,11,1,11,7,28,7,11,12,11,13,5,24,17,24,17,24,12,29,0,Z
0,0,6,8,10,15,11,21,6,15,21,30,33,2,49,9,61,15,5,36,16,4,1,9,1,4,12,30,12,10,17,9,18,2,34,19,28,10,28,10,34,2,Z
0,0,7,7,5,15,10,21,7,16,21,29,37,1,49,10,60,21,5,35,10,5,1,10,1,4,12,30,12,10,18,10,18,2,29,24,28,10,29,10,34,2,Z
45,14,7,8,10,14,10,20,1,15,21,25,32,3,44,9,60,15,10,31,15,3,1,14,1,3,7,25,6,9,12,9,17,3,24,19,23,9,24,9,29,2,Z
34,12,6,7,11,16,11,22,6,16,22,24,33,7,44,4,61,10,10,35,16,5,5,10,1,10,11,29,6,10,12,15,17,4,28,18,23,10,23,15,28,5,Z
44,16,21,21,6,16,12,15,12,2,7,21,28,4,40,7,51,13,1,15,12,7,7,13,6,13,10,10,5,8,5,13,1,24,22,4,21,7,21,8,16,13,Z
48,14,21,13,2,2,0,0,0,0,2,14,30,19,46,13,57,8,4,14,18,2,30,9,46,20,15,8,9,9,9,15,3,31,31,3,26,9,31,15,26,20,Z
0,0,12,15,10,15,0,0,0,0,10,21,27,2,43,13,55,19,1,21,10,7,5,13,4,14,17,21,12,7,7,13,12,8,29,15,24,7,24,8,23,13,Z
47,26,19,20,8,15,0,0,8,31,14,25,31,3,48,9,64,20,3,20,14,8,9,8,3,3,13,14,3,14,8,9,13,3,25,8,19,14,24,14,25,3,Z
